/*
SQLyog Trial v13.1.8 (64 bit)
MySQL - 8.0.12 : Database - material
*********************************************************************
*/

/*!40101 SET NAMES utf8 */;

/*!40101 SET SQL_MODE=''*/;

/*!40014 SET @OLD_UNIQUE_CHECKS=@@UNIQUE_CHECKS, UNIQUE_CHECKS=0 */;
/*!40014 SET @OLD_FOREIGN_KEY_CHECKS=@@FOREIGN_KEY_CHECKS, FOREIGN_KEY_CHECKS=0 */;
/*!40101 SET @OLD_SQL_MODE=@@SQL_MODE, SQL_MODE='NO_AUTO_VALUE_ON_ZERO' */;
/*!40111 SET @OLD_SQL_NOTES=@@SQL_NOTES, SQL_NOTES=0 */;
CREATE DATABASE /*!32312 IF NOT EXISTS*/`material` /*!40100 DEFAULT CHARACTER SET utf8mb4 COLLATE utf8mb4_unicode_ci */;

USE `material`;

/*Table structure for table `author` */

DROP TABLE IF EXISTS `author`;

CREATE TABLE `author` (
  `id` int(11) NOT NULL AUTO_INCREMENT,
  `name` varchar(32) NOT NULL,
  `degree` varchar(255) DEFAULT NULL COMMENT 'учёная степень',
  `user_id` int(11) DEFAULT NULL,
  `date_edit` datetime NOT NULL DEFAULT CURRENT_TIMESTAMP,
  `date_add` datetime NOT NULL DEFAULT CURRENT_TIMESTAMP,
  `status` tinyint(1) NOT NULL,
  PRIMARY KEY (`id`),
  KEY `user_id` (`user_id`),
  CONSTRAINT `author_ibfk_1` FOREIGN KEY (`user_id`) REFERENCES `user` (`id`)
) ENGINE=InnoDB AUTO_INCREMENT=83 DEFAULT CHARSET=utf8;

/*Data for the table `author` */

insert  into `author`(`id`,`name`,`degree`,`user_id`,`date_edit`,`date_add`,`status`) values 
(1,'Худойбердиев Х.А.','н.и.ф.м, дотсент',NULL,'2020-04-17 23:08:00','2020-04-17 23:08:00',1),
(2,'Солиев О.М.','н.и.ф.м, декан',NULL,'2020-04-17 23:08:57','2020-04-17 23:08:57',1),
(4,'Қосимов А.А.','омӯзгори калон',NULL,'2020-04-17 23:17:41','2020-04-17 23:17:41',1),
(9,'Бардиева З.С.','',4,'2020-04-27 12:18:49','2020-04-27 10:09:36',1),
(10,'Максудов Х.Т.','',4,'2020-04-27 10:19:05','2020-04-27 10:19:05',1),
(11,'Ганиев М.Г.','',4,'2020-04-27 10:26:05','2020-04-27 10:26:05',1),
(13,'Ашурова Ш. Н.','',4,'2020-04-27 10:31:59','2020-04-27 10:31:59',1),
(14,'Фозилова М.М.','',3,'2020-04-27 12:52:53','2020-04-27 10:37:25',1),
(15,'Довудов Г. М.','',4,'2020-04-27 10:39:39','2020-04-27 10:39:39',1),
(16,'Мухсинзода М.Ё.','',4,'2020-04-27 10:54:02','2020-04-27 10:54:02',1),
(17,'Окилова У.И.','',4,'2020-04-27 11:02:04','2020-04-27 11:02:04',1),
(18,'Ҷалолов А.А.','',4,'2020-04-27 11:03:57','2020-04-27 11:03:57',1),
(19,'Алиҷонов Ҷ.А. ','',4,'2020-04-27 11:05:19','2020-04-27 11:05:19',1),
(20,'Акрамова З.Б','',4,'2020-04-27 11:05:30','2020-04-27 11:05:30',1),
(21,'Баҳодурова С.А.','',4,'2020-04-27 11:05:39','2020-04-27 11:05:39',1),
(22,'Файзуллаева Ш.И.','',4,'2020-04-27 11:05:48','2020-04-27 11:05:48',1),
(23,'Ғаниев Т.Б. ','',4,'2020-04-27 11:06:20','2020-04-27 11:06:20',1),
(24,'Ҳабибов С.Ҳ.','',4,'2020-04-27 11:06:36','2020-04-27 11:06:36',1),
(25,'Низомова Т.Д.','',4,'2020-04-27 11:06:48','2020-04-27 11:06:48',1),
(26,'Султонова М.М','',4,'2020-04-27 11:07:13','2020-04-27 11:07:13',1),
(27,'Рахими Ш.','',4,'2020-04-27 11:07:23','2020-04-27 11:07:23',1),
(28,'Бардиева З.С.','',4,'2020-04-27 11:37:25','2020-04-27 11:37:25',1),
(29,'Зульфикарова П.Э.','',4,'2020-04-27 11:40:31','2020-04-27 11:40:31',1),
(30,'Розикова С.Р.','',4,'2020-04-27 11:43:25','2020-04-27 11:43:25',1),
(31,'Иномов Б.Б.','',4,'2020-04-27 11:53:25','2020-04-27 11:53:25',1),
(32,'Назаров А.А. ','',4,'2020-04-27 12:10:04','2020-04-27 12:10:04',1),
(33,'Қаюмова Д.Д.','',4,'2020-04-27 12:11:37','2020-04-27 12:11:37',1),
(34,'Абдуганиев С.Г.','',4,'2020-04-27 12:13:23','2020-04-27 12:13:23',1),
(35,'Ӯрунов А.Р','',4,'2020-04-27 12:13:30','2020-04-27 12:13:30',1),
(36,'Усмонова М.Р','',4,'2020-04-27 12:13:38','2020-04-27 12:13:38',1),
(37,'Максудов П.Б.','',4,'2020-04-27 12:28:11','2020-04-27 12:28:11',1),
(38,'Одилов З.Р.','',4,'2020-04-27 12:28:17','2020-04-27 12:28:17',1),
(39,'Муратова Н.Р','',4,'2020-04-27 12:28:40','2020-04-27 12:28:40',1),
(40,'Бобоева Т.Р.','',4,'2020-04-27 12:50:39','2020-04-27 12:50:39',1),
(41,'Саид Н.С.','',4,'2020-04-27 12:57:22','2020-04-27 12:57:22',1),
(42,'Темирова Х.И.','',4,'2020-04-27 12:57:29','2020-04-27 12:57:29',1),
(43,'Раҳматова М.М.','',4,'2020-04-27 12:59:28','2020-04-27 12:59:28',1),
(44,'Нозирова М.А.','',4,'2020-04-27 12:59:47','2020-04-27 12:59:47',1),
(45,'Файзиева Ш.М.','',4,'2020-04-27 13:00:08','2020-04-27 13:00:08',1),
(46,'Яхшибоев М.','',4,'2020-04-27 13:00:24','2020-04-27 13:00:24',1),
(47,'Темирхоҷаев А.Ӯ.','',4,'2020-04-27 13:00:45','2020-04-27 13:00:45',1),
(48,'Зокиров А.Л.','',4,'2020-04-27 13:00:59','2020-04-27 13:00:59',1),
(49,'Дӯстматова Н.М.','',4,'2020-04-27 13:01:06','2020-04-27 13:01:06',1),
(50,'Ғозиева М.С.','',4,'2020-04-27 13:01:14','2020-04-27 13:01:14',1),
(51,'Норов И.С.','',4,'2020-04-27 13:01:29','2020-04-27 13:01:29',1),
(52,'Дӯстматова Н.М.','',4,'2020-04-27 13:15:39','2020-04-27 13:15:39',1),
(53,'Норов И.С.','',4,'2020-04-27 13:24:35','2020-04-27 13:24:35',1),
(54,'Тошбоева Р.Г.','',4,'2020-04-27 13:31:57','2020-04-27 13:31:57',1),
(55,'Окилова М.','',4,'2020-04-27 13:32:22','2020-04-27 13:32:22',1),
(56,'Бобочонова Н.И.','',4,'2020-04-27 13:52:57','2020-04-27 13:52:57',1),
(57,'Умарова З.М.','',4,'2020-04-27 13:53:04','2020-04-27 13:53:04',1),
(58,'Дадобоева Н.А.','',4,'2020-04-27 13:53:35','2020-04-27 13:53:35',1),
(59,'Маҳмудова Ф.М.','',4,'2020-04-27 13:53:42','2020-04-27 13:53:42',1),
(60,'Мирхолиқов Х.Т.','',4,'2020-04-27 13:54:00','2020-04-27 13:54:00',1),
(61,'Сангинова Д.А.','',4,'2020-04-27 13:54:15','2020-04-27 13:54:15',1),
(62,'Маҳмудова Ф.М.','',4,'2020-04-27 13:54:34','2020-04-27 13:54:34',1),
(63,'Бобоева З.У','',4,'2020-04-27 13:54:53','2020-04-27 13:54:53',1),
(64,'Бобоходжаев Р.И.','',4,'2020-04-30 11:20:18','2020-04-30 11:20:18',1),
(65,'Раҳматов М.Р.','',4,'2020-04-30 11:22:23','2020-04-30 11:22:23',1),
(66,'Зокиров Р.Ш.','',4,'2020-04-30 11:22:30','2020-04-30 11:22:30',1),
(67,'Мансуров Ш.Р.','',4,'2020-04-30 11:35:28','2020-04-30 11:35:28',1),
(68,'Рахматов А.','',4,'2020-04-30 11:36:11','2020-04-30 11:36:11',1),
(69,'Холиков М.М.','',4,'2020-04-30 11:36:33','2020-04-30 11:36:33',1),
(70,'Акрамов А.','',4,'2020-04-30 11:37:04','2020-04-30 11:37:04',1),
(71,'Башиков И.Т.','',4,'2020-04-30 11:37:19','2020-04-30 11:37:19',1),
(72,'Алиев Ш.А','',4,'2020-04-30 11:38:38','2020-04-30 11:38:38',1),
(73,'Абдукаримов А.А.','',4,'2020-04-30 11:38:59','2020-04-30 11:38:59',1),
(74,'Алиев Ш.С.','',4,'2020-04-30 11:39:13','2020-04-30 11:39:13',1),
(75,'Тоҳиров Т.И.','',4,'2020-04-30 11:39:26','2020-04-30 11:39:26',1),
(76,'Неъматуллоев А.А','',4,'2020-04-30 11:39:46','2020-04-30 11:39:46',1),
(77,'Башиков И.Т.','',4,'2020-04-30 11:50:21','2020-04-30 11:50:21',1),
(78,'Тошхӯҷаева М.И.','',4,'2020-04-30 13:22:48','2020-04-30 13:22:48',1),
(79,'Раҳимов О.С.','',4,'2020-04-30 13:23:17','2020-04-30 13:23:17',1),
(80,'Акилов А.А.','',4,'2020-04-30 13:23:30','2020-04-30 13:23:30',1),
(81,'Дадобоев Ш.Т.','',4,'2020-04-30 13:23:40','2020-04-30 13:23:40',1),
(82,'Каримов И.Р.','',4,'2020-04-30 13:23:47','2020-04-30 13:23:47',1);

/*Table structure for table `faculty` */

DROP TABLE IF EXISTS `faculty`;

CREATE TABLE `faculty` (
  `id` int(11) NOT NULL AUTO_INCREMENT,
  `name` varchar(50) NOT NULL,
  `date_add` datetime NOT NULL DEFAULT CURRENT_TIMESTAMP,
  `date_edit` datetime DEFAULT NULL,
  PRIMARY KEY (`id`)
) ENGINE=InnoDB AUTO_INCREMENT=4 DEFAULT CHARSET=utf8 ROW_FORMAT=COMPACT;

/*Data for the table `faculty` */

insert  into `faculty`(`id`,`name`,`date_add`,`date_edit`) values 
(1,'Информатика и энергетика','2024-02-17 15:08:57',NULL),
(2,'Информатика и энергетика 1','2024-03-08 16:06:03',NULL),
(3,'','2024-03-12 17:35:48',NULL);

/*Table structure for table `kafedra` */

DROP TABLE IF EXISTS `kafedra`;

CREATE TABLE `kafedra` (
  `id` int(11) NOT NULL AUTO_INCREMENT,
  `name` varchar(50) CHARACTER SET utf8mb4 COLLATE utf8mb4_unicode_ci NOT NULL,
  `faculty_id` int(11) NOT NULL,
  `date_add` datetime NOT NULL DEFAULT CURRENT_TIMESTAMP,
  `date_edit` date DEFAULT NULL,
  PRIMARY KEY (`id`),
  KEY `facultet_id` (`faculty_id`),
  CONSTRAINT `kafedra_ibfk_1` FOREIGN KEY (`faculty_id`) REFERENCES `faculty` (`id`)
) ENGINE=InnoDB AUTO_INCREMENT=3 DEFAULT CHARSET=utf8mb4 COLLATE=utf8mb4_unicode_ci;

/*Data for the table `kafedra` */

insert  into `kafedra`(`id`,`name`,`faculty_id`,`date_add`,`date_edit`) values 
(2,'Кафедра программирование и информационных систем',1,'2024-02-17 15:11:11',NULL);

/*Table structure for table `language` */

DROP TABLE IF EXISTS `language`;

CREATE TABLE `language` (
  `id` int(4) NOT NULL AUTO_INCREMENT,
  `code` varchar(4) NOT NULL,
  `name` varchar(32) NOT NULL,
  `date_edit` datetime NOT NULL DEFAULT CURRENT_TIMESTAMP,
  `date_add` datetime NOT NULL DEFAULT CURRENT_TIMESTAMP,
  PRIMARY KEY (`id`)
) ENGINE=InnoDB AUTO_INCREMENT=4 DEFAULT CHARSET=utf8;

/*Data for the table `language` */

insert  into `language`(`id`,`code`,`name`,`date_edit`,`date_add`) values 
(1,'tj','тоҷикӣ','2020-04-14 09:14:16','2020-04-14 09:14:16'),
(2,'ru','русский','2020-04-14 09:14:41','2020-04-14 09:14:41'),
(3,'en','english','2020-04-14 09:14:53','2020-04-14 09:14:53');

/*Table structure for table `material` */

DROP TABLE IF EXISTS `material`;

CREATE TABLE `material` (
  `id` int(11) NOT NULL AUTO_INCREMENT,
  `name` varchar(255) NOT NULL,
  `type_id` int(11) NOT NULL,
  `language_id` int(4) NOT NULL,
  `date_publish` date DEFAULT NULL,
  `pub_place_id` int(11) DEFAULT NULL,
  `count` int(11) DEFAULT NULL,
  `user_id` int(11) DEFAULT NULL,
  `date_edit` datetime NOT NULL DEFAULT CURRENT_TIMESTAMP,
  `date_add` datetime NOT NULL DEFAULT CURRENT_TIMESTAMP,
  `file_path` varchar(512) NOT NULL,
  `status` int(11) NOT NULL DEFAULT '1',
  `kafedra_id` int(11) NOT NULL,
  `comment` varchar(1000) NOT NULL,
  PRIMARY KEY (`id`),
  KEY `pub_place_id` (`pub_place_id`),
  KEY `language_id` (`language_id`),
  KEY `type_id` (`type_id`),
  KEY `user_id` (`user_id`),
  KEY `kafedra_id` (`kafedra_id`),
  KEY `material_ibfk_6` (`status`),
  CONSTRAINT `material_ibfk_1` FOREIGN KEY (`pub_place_id`) REFERENCES `place` (`id`),
  CONSTRAINT `material_ibfk_2` FOREIGN KEY (`language_id`) REFERENCES `language` (`id`),
  CONSTRAINT `material_ibfk_3` FOREIGN KEY (`type_id`) REFERENCES `type` (`id`),
  CONSTRAINT `material_ibfk_4` FOREIGN KEY (`user_id`) REFERENCES `user` (`id`),
  CONSTRAINT `material_ibfk_5` FOREIGN KEY (`kafedra_id`) REFERENCES `kafedra` (`id`),
  CONSTRAINT `material_ibfk_6` FOREIGN KEY (`status`) REFERENCES `material_status` (`id`)
) ENGINE=InnoDB AUTO_INCREMENT=252 DEFAULT CHARSET=utf8;

/*Data for the table `material` */

insert  into `material`(`id`,`name`,`type_id`,`language_id`,`date_publish`,`pub_place_id`,`count`,`user_id`,`date_edit`,`date_add`,`file_path`,`status`,`kafedra_id`,`comment`) values 
(6,'Амалияи барномасози дар забони DELPHI.',1,1,'2015-01-01',1,50,14,'2024-02-27 15:04:31','2020-04-18 03:02:50','',3,2,'говно'),
(7,'Амалияи барномасози дар забони MICROSOFT C#.',1,1,'2015-04-27',1,50,4,'2024-02-21 16:42:18','2020-04-19 23:17:17','',4,2,'123'),
(8,'Амалияи барномасози дар забони MICROSOFT VISUAL BASIC.NET',1,1,'2015-11-30',1,100,4,'2024-02-21 16:42:40','2020-04-19 23:22:22','',4,2,'123'),
(11,'Мачмуаи масъалахо барои фанни \"Амалияи барномарези\".',3,1,'2015-01-01',1,100,4,'2024-02-21 16:42:50','2020-04-27 10:20:25','',4,2,'345'),
(12,'Основы алгоритмизации и программирования',1,1,'2018-04-27',1,50,4,'2024-02-21 16:46:08','2020-04-27 10:21:49','',2,2,''),
(13,'Сохтани лоиҳаи системаҳои иттилоотӣ. ',1,2,'2015-01-01',1,50,4,'2024-02-21 17:26:08','2020-04-27 10:23:06','',4,2,'Rfv'),
(14,'Лабораторный практикум по дисциплине: \"Объектно - ориентированное программирование\". Семестр IV. Microsoft VisualBasic',2,2,'2015-01-01',1,27,4,'2024-02-21 17:35:09','2020-04-27 10:25:37','',2,2,''),
(15,'MS Word  аз хуччати намуди содда то VBA',1,1,'2015-01-01',1,251,4,'2024-02-21 17:43:37','2020-04-27 10:27:25','',2,2,''),
(16,'Амалияи барномасози дар забони MICROSOFT C#.',1,1,'2015-01-01',1,50,4,'2024-02-21 17:44:48','2020-04-27 10:29:54','',2,2,''),
(17,'Лабораторный практикум по дисциплине \"Объектно - ориентированное программирование\". Часть I. Семестр III. Microsoft VisualBasic',2,2,'2015-01-01',1,66,4,'2024-02-21 17:46:14','2020-04-27 10:31:31','',2,2,''),
(18,'Лабораторный практикум по дисциплине \"Объектно - ориентированное программирование\". Часть I. Семестр III. Microsoft VisualBasic',2,2,'2015-01-01',1,66,4,'2024-02-21 17:45:23','2020-04-27 10:32:17','',4,2,'12345'),
(19,'Системаи идоракунии манбаи додахо MYSQL.',1,1,'2015-01-01',1,50,4,'2024-02-21 17:46:11','2020-04-27 10:32:56','',4,2,'12345677'),
(20,'Маводи амали барои фанни \"Базаи маълумоти Access\"',1,1,'2015-01-01',1,98,14,'2024-02-24 15:45:08','2020-04-27 10:34:11','',2,2,''),
(21,'Мачмуи масъалахо аз фанни базаи маълумот дар мухити MS ACCESS 2010.',3,1,'2015-01-01',1,70,14,'2024-02-24 15:46:26','2020-04-27 10:35:29','',2,2,''),
(22,'Сборник задач по дисциплине база данных в среде MS Access 2010.',3,2,'2015-01-01',1,100,14,'2024-02-24 15:54:15','2020-04-27 10:36:51','',2,2,''),
(23,'Сборник задач по дисциплине база данных в среде MS Access 2010.',3,2,'2012-03-03',1,100,14,'2024-02-24 15:52:56','2020-04-27 10:37:38','',2,2,''),
(24,'Базаи маълумот-1 : Дастури методии иҷроиши корҳои лабораторӣ.  34 саҳ., 2017с.',2,1,'2012-03-03',1,50,14,'2024-02-24 15:54:59','2020-04-27 10:38:21','',2,2,''),
(25,'Базаи маълумот-1 : Дастури методии иҷроиши корҳои мустақилона.  74 саҳ., 2017с.',2,1,'2012-03-03',1,50,14,'2024-02-24 15:56:47','2020-04-27 10:39:07','',2,2,''),
(26,'Базаи маълумот-1 : Дастури методии иҷроиши корҳои мустақилона.  74 саҳ., 2017с.',2,1,'2012-03-03',1,50,14,'2024-02-24 15:58:00','2020-04-27 10:39:54','',2,2,''),
(27,'Сохтани базаи маълумотҳои шабакавӣ.Маҷмӯи масъалаҳо',1,1,'2012-03-03',1,50,4,'2020-04-27 10:40:24','2020-04-27 10:40:24','',1,2,''),
(28,'База данных.',1,2,'2012-03-03',1,50,4,'2020-04-27 10:41:22','2020-04-27 10:41:22','',1,2,''),
(29,'Забони дархостхои SQL',1,1,'2012-03-03',1,143,4,'2020-04-27 10:42:15','2020-04-27 10:42:15','',1,2,''),
(30,'Технологияҳои мултимедӣ ва графикаи компютерӣ. Дастури методии машғулияти амалӣ-лабораторӣ',1,1,'2012-03-03',1,50,4,'2020-04-27 10:43:36','2020-04-27 10:43:36','',1,2,''),
(31,'Барномарези дар мухити .NET Framework. Васоити таълими барои дарсхои амали-лаборатори.',1,1,'2012-03-03',1,50,4,'2020-04-27 10:44:37','2020-04-27 10:44:37','',1,2,''),
(32,'Лабораторный практикум по дисциплине \"Программирование в Internet и Web - дизайн\"',1,1,'2012-03-03',1,50,4,'2020-04-27 12:57:12','2020-04-27 10:46:48','',1,2,''),
(33,'Барномарези дар мухити .NET Framework. Васоити таълими барои дарсхои амали-лаборатори.',1,1,'2012-03-03',1,50,4,'2020-04-27 10:49:05','2020-04-27 10:49:05','',1,2,''),
(34,'ТЕХНОЛОГИЯИ СОХТАНИ ЗАМИМАХО БО FRAMEWORK',1,1,'2012-03-03',1,51,4,'2020-04-27 10:55:07','2020-04-27 10:55:07','',1,2,''),
(35,'Лабораторный практикум по дисциплине \"Программирование в Internet и Web - дизайн\"',1,2,'2012-03-03',1,51,4,'2020-04-27 11:01:15','2020-04-27 11:01:15','',1,2,''),
(36,'Лабораторный практикум по дисциплине \"Программирование в Internet и Web - дизайн\"',1,2,'2012-03-03',1,51,14,'2024-02-24 15:53:58','2020-04-27 11:02:13','',2,2,''),
(37,'МАЧМУАИ МАСЪАЛАХО БАРОИ ФАННИ \"БАРНОМАРЕЗИ ДАР ИНТЕРНЕТ\"',2,1,'2012-03-03',1,100,4,'2020-04-27 11:03:40','2020-04-27 11:03:40','',1,2,''),
(38,'МАЧМУАИ МАСЪАЛАХО БАРОИ ФАННИ \"БАРНОМАРЕЗИ ДАР ИНТЕРНЕТ\"',2,1,'2012-03-03',1,100,4,'2020-04-27 11:04:01','2020-04-27 11:04:01','',1,2,''),
(39,'Макроиқтисодиёт. Маҷмӯи масъалаҳо',2,1,'2017-12-27',1,50,4,'2020-04-27 13:25:27','2020-04-27 11:04:38','',1,2,''),
(40,' Микриқтисодиёт.',1,1,'2007-12-14',1,300,4,'2020-04-27 13:18:05','2020-04-27 11:10:09','',1,2,''),
(41,' Макроиқтисодиёт (маҷмӯаи масъалаҳо)',2,2,'2009-12-21',1,1,4,'2020-04-27 13:20:52','2020-04-27 11:13:39','',1,2,''),
(42,' Макроиқтисодиёт (курси лексияҳо)',1,1,'1900-12-27',1,300,4,'2020-04-27 15:11:37','2020-04-27 11:26:57','',1,2,''),
(43,' Макроэкономика. Сборник задач',1,2,'2017-12-27',1,50,4,'2020-04-27 11:28:31','2020-04-27 11:28:31','',1,2,''),
(44,'Менеҷмент (қисми 1)',1,1,'2017-12-27',1,-1,4,'2020-04-27 11:29:44','2020-04-27 11:29:44','',1,2,''),
(45,'Менеҷмент. Китоби дарсӣ',1,1,'2017-12-27',1,1,4,'2020-04-27 11:31:36','2020-04-27 11:31:36','',1,2,''),
(46,'Ташкили истеҳсолот дар корхона. Китоби дарсӣ',1,1,'2017-12-27',1,50,4,'2020-04-27 11:33:22','2020-04-27 11:33:22','',1,2,''),
(47,'Менеҷмент. Курс лекқии',1,2,'2017-12-27',1,122,4,'2020-04-27 11:34:34','2020-04-27 11:34:34','',1,2,''),
(48,'Основы алгоритмизации и программирования\"',1,2,'2017-12-27',1,50,4,'2020-04-27 11:36:57','2020-04-27 11:36:57','',1,2,''),
(49,'Мачмуаи масъалахо барои фанни \"Амалияи барномарези\".',1,1,'2017-12-27',1,100,4,'2020-04-27 11:38:07','2020-04-27 11:38:07','',1,2,''),
(50,'Амалияи барномасози дар забони MICROSOFT VISUAL BASIC. NET.',1,1,'2017-12-27',1,100,4,'2020-04-27 11:38:47','2020-04-27 11:38:47','',1,2,''),
(51,'Мачмуаи масъалахо барои фанни \"Амалияи барномарези\".',1,1,'2017-12-27',1,100,4,'2020-04-27 11:39:38','2020-04-27 11:39:38','',1,2,''),
(52,'Амалияи барномасози дар забони MICROSOFT VISUAL BASIC. NET.',1,1,'2024-01-16',1,100,4,'2020-04-27 11:40:09','2020-04-27 11:40:09','',1,2,''),
(53,'Амалияи барномасози дар забони MICROSOFT VISUAL BASIC. NET.',1,1,'2017-12-27',1,100,4,'2020-04-27 11:40:47','2020-04-27 11:40:47','',1,2,''),
(54,'Основы WEB - дизайна. Текст лекций',1,2,'2017-12-27',1,100,4,'2020-04-27 11:41:36','2020-04-27 11:41:36','',1,2,''),
(55,'Основы Web-дизайна. Сборник заданий.',1,2,'2017-12-27',1,50,4,'2020-04-27 11:42:20','2020-04-27 11:42:20','',1,2,''),
(56,'Лабораторный практикум по дисциплине \"Программирование в Internet и Web - дизайн\"',1,2,'2017-12-27',1,50,4,'2020-04-27 11:43:03','2020-04-27 11:43:03','',1,2,''),
(57,'Лабораторный практикум по дисциплине \"Программирование в Internet и Web - дизайн\"',1,2,'2017-12-27',1,50,4,'2020-04-27 11:43:33','2020-04-27 11:43:33','',1,2,''),
(58,'Дастури методи барои гузаронидани машгулияти амали-лаборатори аз фанни \"Асосхои Web-дизайн\"',2,1,'2017-12-27',1,100,4,'2020-04-27 11:44:15','2020-04-27 11:44:15','',1,2,''),
(59,'Основы алгоритмизации и программирования\"',1,2,'2017-12-27',1,50,4,'2020-04-27 11:44:57','2020-04-27 11:44:57','',1,2,''),
(60,'Лабораторный практикум по дисциплине \"Основы программирования \" Microsoft QBasic',1,2,'2017-12-27',1,63,4,'2020-04-27 11:45:44','2020-04-27 11:45:44','',1,2,''),
(61,'Мачмуи масъалахо аз барномасози.',3,1,'2017-12-27',1,100,4,'2020-04-27 11:46:55','2020-04-27 11:46:55','',1,2,''),
(62,'Мачмуи масъалахо аз барномасози.',3,1,'2017-12-27',1,100,4,'2020-04-27 11:48:07','2020-04-27 11:48:07','',1,2,''),
(63,'Сохтани лоиҳаи системаҳои иттилоотӣ. ',1,1,'2017-12-27',1,51,4,'2020-04-27 11:48:48','2020-04-27 11:48:48','',1,2,''),
(64,'MS Word  аз хуччати намуди содда то VBA',1,1,'2017-12-27',1,708,4,'2020-04-27 11:50:51','2020-04-27 11:50:51','',1,2,''),
(65,'Лабораторный практикум по дисциплине: \"Объектно - ориентированное программирование\". Семестр IV. Microsoft VisualBasic',1,2,'2017-12-27',1,27,4,'2020-04-27 11:51:49','2020-04-27 11:51:49','',1,2,''),
(66,'Барномарези ба тачхизоти мобили. Матни лексияхо.',1,1,'2017-12-27',1,50,4,'2020-04-27 11:54:37','2020-04-27 11:54:37','',1,2,''),
(67,'Мачмуи масъалахо аз барномасози.',1,1,'2017-12-27',1,100,4,'2020-04-27 11:55:58','2020-04-27 11:55:58','',1,2,''),
(68,'Амалияи барномасози дар забони MICROSOFT C#.',1,1,'2017-12-27',1,50,4,'2020-04-27 11:57:19','2020-04-27 11:57:19','',1,2,''),
(69,'Мультимедийная технология и компьютерная графика.',1,1,'2017-12-27',1,50,4,'2020-04-27 11:58:17','2020-04-27 11:58:17','',1,2,''),
(70,'Технологияҳои мултимедӣ ва графикаи компютерӣ. Дастури методии машғулияти амалӣ-лабораторӣ',1,1,'2017-12-27',1,50,4,'2020-04-27 11:59:01','2020-04-27 11:59:01','',1,2,''),
(71,'Лабораторный практикум по дисциплине \"Программирование в Internet и Web - дизайн\"',1,2,'2017-12-27',1,50,4,'2020-04-27 12:00:15','2020-04-27 12:00:15','',1,2,''),
(72,'Системаи идоракунии манбаи додахо MYSQL.',1,1,'2017-12-27',1,50,4,'2020-04-27 12:01:10','2020-04-27 12:01:10','',1,2,''),
(73,'Маводи амали барои фанни \"Базаи маълумоти Access\"',1,1,'2017-12-27',1,100,4,'2020-04-27 12:02:18','2020-04-27 12:02:18','',1,2,''),
(74,'Мачмуи масъалахо аз фанни базаи маълумот дар мухити MS ACCESS 2010.',1,1,'2017-12-27',1,65,4,'2020-04-27 12:03:25','2020-04-27 12:03:25','',1,2,''),
(75,'Базаи маълумот-1 : Дастури методии иҷроиши корҳои мустақилона.  74 саҳ., 2017с.',1,1,'2017-12-27',1,50,4,'2020-04-27 12:07:10','2020-04-27 12:07:10','',1,2,''),
(76,'Сохтани базаи маълумотҳои шабакавӣ.Маҷмӯи масъалаҳо',1,1,'2017-12-27',1,50,4,'2020-04-27 12:07:56','2020-04-27 12:07:56','',1,2,''),
(77,'База данных.',1,2,'2017-12-27',1,50,4,'2020-04-27 12:08:49','2020-04-27 12:08:49','',1,2,''),
(78,'Забони дархостхои SQL',1,1,'2017-12-27',1,147,4,'2020-04-27 12:09:38','2020-04-27 12:09:38','',1,2,''),
(79,'Забони дархостхои SQL',1,1,'2017-12-27',1,147,4,'2020-04-27 12:10:10','2020-04-27 12:10:10','',1,2,''),
(80,'Операционные системы. Курс лекций. Часть1',1,2,'2017-12-27',1,50,4,'2020-04-27 12:12:43','2020-04-27 12:12:43','',1,2,''),
(81,'Операционные системы. Курс лекций. Часть1',1,2,'2017-12-27',1,50,4,'2020-04-27 12:13:44','2020-04-27 12:13:44','',1,2,''),
(82,'Информатика',1,1,'2017-12-27',1,120,4,'2020-04-27 12:22:18','2020-04-27 12:22:18','',1,2,''),
(83,'Технологияи информатсионӣ : маҷмӯи масъалаҳо.  50 саҳ., 2017с. ',1,1,'2017-12-27',1,50,4,'2020-04-27 12:23:35','2020-04-27 12:23:35','',1,2,''),
(84,'Технологияи информатсионӣ : маҷмӯи масъалаҳо.  16 саҳ., 2017с. ',1,1,'2017-12-27',1,50,4,'2020-04-27 12:24:36','2020-04-27 12:24:36','',1,2,''),
(85,'Технологияи информатсионӣ : Матни лексия.  59 саҳ.,  2017с.',1,1,'2017-12-27',1,50,4,'2020-04-27 14:26:10','2020-04-27 12:25:32','',1,2,''),
(86,'Информационные технологии. Лабораторный практикум.',2,2,'2017-12-27',1,50,4,'2020-04-27 12:27:37','2020-04-27 12:27:37','',1,2,''),
(87,'Информационные технологии. Лабораторный практикум.',2,2,'2017-12-27',1,50,4,'2020-04-27 12:29:03','2020-04-27 12:29:03','',1,2,''),
(88,'Технологияи инфоратсиони. Мачмуи масъалахо.',2,1,'2017-12-27',1,50,4,'2020-04-27 12:29:42','2020-04-27 12:29:42','',1,2,''),
(89,'Технологияи информатсиони. Мачмуи машкхо.',2,1,'2017-12-27',1,50,4,'2020-04-27 12:30:21','2020-04-27 12:30:21','',1,2,''),
(90,'Технологияи иттилоотӣ.  Дастури методӣ',1,1,'2017-12-27',1,50,4,'2020-04-27 12:31:04','2020-04-27 12:31:04','',1,2,''),
(91,'Технологияи информатсиони. Дастури методи',1,1,'2017-12-27',1,50,4,'2020-04-27 12:31:46','2020-04-27 12:31:46','',1,2,''),
(92,'Информационные технологии. Задания и методические указания. ',1,2,'2017-12-27',1,50,4,'2020-04-27 12:32:38','2020-04-27 12:32:38','',1,2,''),
(93,'Лабораторный практикум по дисциплине: \"Информатика\". Семестр IV. VBA для приложений',1,2,'2017-12-27',1,71,4,'2020-04-27 12:33:23','2020-04-27 12:33:23','',1,2,''),
(94,'Технологияҳои мултимедӣ ва графикаи компютерӣ. Дастури методии машғулияти амалӣ-лабораторӣ',1,1,'2017-12-27',1,50,4,'2020-04-27 14:37:42','2020-04-27 12:34:06','',1,2,''),
(95,'Барномарези дар мухити .NET Framework. Васоити таълими барои дарсхои амали-лаборатори.',2,2,'2017-12-27',1,50,4,'2020-04-27 14:37:06','2020-04-27 12:34:53','',1,2,''),
(96,'Лабораторный практикум по дисциплине \"Программирование в Internet и Web - дизайн\"',1,2,'2017-12-27',1,50,4,'2020-04-27 12:36:23','2020-04-27 12:36:23','',1,2,''),
(97,'ТЕХНОЛОГИЯИ СОХТАНИ ЗАМИМАХО БО FRAMEWORK',1,1,'2017-12-27',1,51,4,'2020-04-27 12:38:51','2020-04-27 12:38:51','',1,2,''),
(98,'Задачник по предмету \"Организация защиты информации\".',3,2,'2017-12-27',1,50,4,'2020-04-27 12:41:38','2020-04-27 12:41:38','',1,2,''),
(99,'МАЧМУАИ МАСЪАЛАХО БАРОИ ФАННИ \"БАРНОМАРЕЗИ ДАР ИНТЕРНЕТ\"',2,1,'2017-12-27',1,100,4,'2020-04-27 12:42:49','2020-04-27 12:42:49','',1,2,''),
(100,'Матни лексияҳо',1,1,'1900-12-28',1,50,4,'2020-04-27 14:53:06','2020-04-27 12:52:43','',1,2,''),
(101,'Китоби дарсӣ',1,1,'1900-12-28',1,50,4,'2020-04-27 13:03:31','2020-04-27 13:03:31','',1,2,''),
(102,'Амалия',1,1,'1900-12-28',1,50,4,'2020-04-27 13:04:15','2020-04-27 13:04:15','',1,2,''),
(103,'Маҷмӯи лексияҳо ',1,1,'1900-12-28',1,50,4,'2020-04-27 13:05:01','2020-04-27 13:05:01','',1,2,''),
(104,'Дастури методӣ',1,1,'1900-12-28',1,50,4,'2020-04-27 13:05:33','2020-04-27 13:05:33','',1,2,''),
(105,'Маводи имтиҳонӣ',1,1,'1900-12-28',1,50,4,'2020-04-27 13:06:12','2020-04-27 13:06:12','',1,2,''),
(106,'Дастури таълимӣ ',1,1,'1900-12-28',1,50,4,'2020-04-27 13:06:56','2020-04-27 13:06:56','',1,2,''),
(107,'Курс Лексияҳо ',1,1,'1900-12-28',1,50,4,'2020-04-27 13:08:18','2020-04-27 13:08:18','',1,2,''),
(108,'Курс Лексияҳо ',1,1,'1900-12-28',1,50,4,'2020-04-27 13:09:06','2020-04-27 13:09:06','',1,2,''),
(109,'Тенниси рӯимиз',1,1,'1900-12-28',1,50,4,'2020-04-27 13:10:37','2020-04-27 13:10:37','',1,2,''),
(110,'Тенниси рӯимиз',1,1,'1900-12-28',1,50,4,'2020-04-27 13:15:44','2020-04-27 13:15:44','',1,2,''),
(111,'Воситаи таълимӣ ',1,1,'1900-12-28',1,50,4,'2020-04-27 13:16:36','2020-04-27 13:16:36','',1,2,''),
(112,'Гуштини тарзи озод',1,1,'1900-12-28',1,50,4,'2020-04-27 13:17:17','2020-04-27 13:17:17','',1,2,''),
(113,'Дастури таълимӣ ',1,1,'1900-12-28',1,50,4,'2020-04-27 13:19:16','2020-04-27 13:19:16','',1,2,''),
(114,'Адабиёти дарсӣ',1,1,'1900-12-28',1,50,4,'2020-04-27 13:21:28','2020-04-27 13:21:28','',1,2,''),
(115,'Матни лексияҳо',1,1,'2024-01-16',1,50,4,'2020-04-27 13:23:02','2020-04-27 13:23:02','',1,2,''),
(116,'Матни лексияҳо оид ба машғулиятҳои назариявӣ',1,1,'1900-12-28',1,50,4,'2020-04-27 13:23:54','2020-04-27 13:23:54','',1,2,''),
(117,'Курс Лексияҳо ',1,1,'2024-01-16',1,50,4,'2020-04-27 13:25:39','2020-04-27 13:25:39','',1,2,''),
(118,'Дастури методӣ ',1,1,'1900-12-28',1,50,4,'2020-04-27 13:26:41','2020-04-27 13:26:41','',1,2,''),
(119,'Курси лексияҳо ',1,1,'1900-12-28',1,50,4,'2020-04-27 13:36:28','2020-04-27 13:36:28','',1,2,''),
(120,'Курси лексияҳо ',1,1,'2024-01-16',1,50,4,'2020-04-27 13:38:02','2020-04-27 13:38:02','',1,2,''),
(121,'Технологияи сохтани шабакахои компютери.',1,1,'1900-12-28',1,100,4,'2020-04-27 13:38:37','2020-04-27 13:38:37','',1,2,''),
(122,'Технологияи сохтани шабакахои компютери.',1,1,'1900-12-28',1,100,4,'2020-04-27 13:39:48','2020-04-27 13:39:48','',1,2,''),
(123,'Задачник по предмету \"Организация защиты информации\".',3,2,'1900-12-28',1,50,4,'2020-04-27 13:40:21','2020-04-27 13:40:21','',1,2,''),
(124,'Задачник по предмету \"Организация защиты информации\".',3,2,'2017-12-27',1,50,4,'2020-04-27 13:40:44','2020-04-27 13:40:44','',1,2,''),
(125,'Логистика.(Учебно-методический комплекс)',1,2,'2017-12-27',1,100,4,'2020-04-27 13:41:23','2020-04-27 13:41:23','',1,2,''),
(126,'Логистика.(Комплекси таълимию методи)',1,2,'2017-12-27',1,99,4,'2020-04-27 13:43:22','2020-04-27 13:43:22','',1,2,''),
(127,'Логистика.(Комплекси таълимию методи)',1,2,'2017-12-27',1,99,4,'2020-04-27 13:44:28','2020-04-27 13:44:28','',1,2,''),
(128,'Логистика.(Комплекси таълимию методи)',1,2,'2017-12-27',1,99,4,'2020-04-27 13:44:57','2020-04-27 13:44:57','',1,2,''),
(129,'Логистика.(Комплекси таълимию методи)',1,2,'2017-12-27',1,99,4,'2020-04-27 13:45:22','2020-04-27 13:45:22','',1,2,''),
(130,'Операционные системы. Курс лекций. Часть1',1,2,'2017-12-27',1,50,4,'2020-04-27 13:45:47','2020-04-27 13:45:47','',1,2,''),
(131,'Операционные системы. Лабораторный практикум. Часть 1',2,2,'2017-12-27',1,50,4,'2020-04-27 13:46:33','2020-04-27 13:46:33','',1,2,''),
(132,'Дастури таълими аз фанни: \"Амсиласози ва ороиши бадеии либос\"',1,1,'2024-01-16',1,1,4,'2020-04-30 10:37:34','2020-04-30 10:37:34','',1,2,''),
(133,'Дастури таълими аз фанни \"Амсиласози ва ороиши бадеии либос\".',1,1,'2017-12-27',1,50,4,'2020-04-30 10:38:41','2020-04-30 10:38:41','',1,2,''),
(134,'Китоби дарсӣ \"Асосҳои антропология ва биомеханика\"',1,1,'2017-12-27',1,50,4,'2020-04-30 10:39:40','2020-04-30 10:39:40','',1,2,''),
(135,'\"Супориш ва дастури методӣ Барои иҷрои кори мустақилонаи назоратӣ\"',1,1,'2017-12-27',1,50,4,'2020-04-30 12:42:09','2020-04-30 10:40:59','',1,2,''),
(136,'\"Супориш ва дастури методӣ Барои иҷрои кори мустақилонаи назоратӣ\"',1,1,'2017-12-27',1,50,4,'2020-04-30 10:43:47','2020-04-30 10:43:47','',1,2,''),
(137,'Дастури таълимии мухтасар \"Дизайни компютерӣ\"',1,1,'2017-12-27',1,60,4,'2020-04-30 10:44:50','2020-04-30 10:44:50','',1,2,''),
(138,'Маҷмӯаи мисолу масъалаҳо аз масолеҳшиносии маснуоти дӯзандагӣ',1,1,'2017-12-27',1,50,4,'2020-04-30 10:46:11','2020-04-30 10:46:11','',1,2,''),
(139,'Маводи таълимӣ - методӣ \"Моделирони ва ороиши бадеии либос',1,1,'2024-01-16',1,50,4,'2020-04-30 10:47:43','2020-04-30 10:47:43','',1,2,''),
(140,'китоби дарсӣ \"Тарҳрезии либоси бачагона\"',1,1,'2017-12-27',1,50,4,'2020-04-30 10:49:57','2020-04-30 10:49:57','',1,2,''),
(141,'Маҷмӯи мисолу масъалаҳо аз фанни \"Тарҳрезии либос-1\"',1,1,'2024-01-16',1,50,4,'2020-04-30 10:51:06','2020-04-30 10:51:06','',1,2,''),
(142,'Дастури таълимӣ аз фанни \"Усули ягонаи тарроҳии либос\"',1,1,'2017-12-27',1,50,4,'2020-04-30 12:53:36','2020-04-30 10:52:24','',1,2,''),
(143,'Комплекси маводи таълимӣ \"Тарҳрезии либоси таъиноташ гуногун\"',1,1,'2024-01-16',1,100,4,'2020-04-30 10:54:35','2020-04-30 10:54:35','',1,2,''),
(144,'Дастури методӣ \"Таърихи либос ва мӯд\"',1,1,'2017-12-27',1,5,4,'2020-04-30 10:55:31','2020-04-30 10:55:31','',1,2,''),
(145,'Дастури таълимии мухтасар \"Технологияи маснуоти саноати сабук\"',1,1,'2024-01-16',1,50,4,'2020-04-30 10:58:19','2020-04-30 10:58:19','',1,2,''),
(146,'Курси лексия Ҳамбастигии либос',1,1,'2017-12-27',1,60,4,'2020-04-30 10:59:31','2020-04-30 10:59:31','',1,2,''),
(147,'\"Супориш ва дастури методӣ Барои иҷрои кори  амалӣ \"',1,1,'2024-01-16',1,50,4,'2020-04-30 11:00:28','2020-04-30 11:00:28','',1,2,''),
(148,'\"Супориш ва дастури методӣ Барои иҷрои кори  амалӣ \"',1,1,'2017-12-27',1,50,4,'2020-04-30 11:16:18','2020-04-30 11:16:18','',1,2,''),
(149,'Мачмуаи масъалахо аз масолехшиносии маснуоти дузандаги.',1,1,'2024-01-16',1,50,4,'2020-04-30 11:17:18','2020-04-30 11:17:18','',1,2,''),
(150,'\"Масолехшиносии истехсолоти дузандаги.  Маводи таълими.\"',1,1,'2017-12-27',1,2,4,'2020-04-30 11:18:08','2020-04-30 11:18:08','',1,2,''),
(151,'Дастури методи аз фанни \"Масолехшиносии истехсоли дузандаги\"',1,1,'2017-12-27',1,2,4,'2020-04-30 11:18:53','2020-04-30 11:18:53','',1,2,''),
(152,'Комплекси маводи таълими аз фанни \"Масолехшиносии истехсолоти дузандаги\"',1,1,'2017-12-27',1,2,4,'2020-04-30 11:19:50','2020-04-30 11:19:50','',1,2,''),
(153,'Комплекси маводи таълими аз фанни \"Масолехшиносии истехсолоти дузандаги\"',1,1,'2017-12-27',1,2,4,'2020-04-30 11:20:24','2020-04-30 11:20:24','',1,2,''),
(154,'Графикаи мухандиси',1,1,'2017-12-27',1,50,4,'2020-04-30 11:21:08','2020-04-30 11:21:08','',1,2,''),
(155,'Графикаи мухандиси',1,1,'2017-12-27',1,50,4,'2020-04-30 11:25:35','2020-04-30 11:25:35','',1,2,''),
(156,'Асосхои истифодабарии техникаи автомобилхо.',1,1,'2017-12-27',1,50,4,'2020-04-30 11:41:39','2020-04-30 11:41:39','',1,2,''),
(157,'Дастгоҳҳо ва тачҳизотҳо барои таъмири автомобилҳо-2 : Конспекти лексияҳо.  45 саҳ., 2017с.',1,1,'2017-12-27',1,50,4,'2020-04-30 11:42:32','2020-04-30 11:42:32','',1,2,''),
(158,'Дастгоххо ва тачхизотхо барои таъмири автомобилхо. Кисми 1.',1,1,'2017-12-27',1,50,4,'2020-04-30 11:43:37','2020-04-30 11:43:37','',1,2,''),
(159,'Мачмуаи масъалахо аз механикаи техники.',1,1,'2017-12-27',1,50,4,'2020-04-30 12:45:22','2020-04-30 12:45:22','',1,2,''),
(160,'\"Механикаи назарияви ва муковимати масолеххо.  Конспекти лексияхо.\"',1,1,'2017-12-27',1,50,4,'2020-04-30 12:46:08','2020-04-30 12:46:08','',1,2,''),
(161,'Асосҳои механика ва муқовимати масолеҳҳо. Конспекти лексияҳо. (Қисми 2)',1,1,'2017-12-27',1,50,4,'2020-04-30 12:46:48','2020-04-30 12:46:48','',1,2,''),
(162,'Асосхои бехатарии харакат дар роххои автомобилгард.',1,1,'2017-12-27',1,50,4,'2020-04-30 15:19:45','2020-04-30 12:47:58','',1,2,''),
(163,'Хизматрасони ба автомобилхо-1.',1,1,'2017-12-27',1,50,4,'2020-04-30 12:48:59','2020-04-30 12:48:59','',1,2,''),
(164,'Диагностика, таъмир ва хизматрасонӣ ба автомобилҳо-1 : курси лексияҳо.  90 саҳ., 2017с.',1,1,'2017-12-27',1,50,4,'2020-04-30 12:50:04','2020-04-30 12:50:04','',1,2,''),
(165,'\"Диагностика, таъмир ва хизматрасони ба автомобилхо - 5.  Курси лексияхо.\"',1,1,'2017-12-27',1,50,4,'2020-04-30 12:51:40','2020-04-30 12:51:40','',1,2,''),
(166,'Блоки идоракунии электронии мухаррикхои дизели',1,1,'2017-12-27',1,50,4,'2020-04-30 12:52:31','2020-04-30 12:52:31','',1,2,''),
(167,'Блоки идоракунии электронии мухаррикхои дизели',1,1,'2017-12-27',1,50,4,'2020-04-30 12:55:40','2020-04-30 12:55:40','',1,2,''),
(168,'Диагностика,таъмир ва хизматрасони ба автомобилхо-3',1,1,'2017-12-27',1,50,4,'2020-04-30 12:56:39','2020-04-30 12:56:39','',1,2,''),
(169,'Блоки идоракунии электронии мухаррикхои дизели',1,1,'2017-12-27',1,50,4,'2020-04-30 12:57:49','2020-04-30 12:57:49','',1,2,''),
(170,'Иқтисодиёти соҳаи хизматрасонии автомобилӣ : Конспекти лексияҳо.  50 саҳ., 2017с.',1,1,'2017-12-27',1,50,4,'2020-04-30 12:58:37','2020-04-30 12:58:37','',1,2,''),
(171,'\"Истифодабарии техникии  автомобилҳо\"',1,1,'2017-12-27',1,50,4,'2020-04-30 12:59:30','2020-04-30 12:59:30','',1,2,''),
(172,'Асосхои бехатарии харакат дар роххои автомобилгард.',1,1,'2017-12-27',1,50,4,'2020-04-30 13:00:50','2020-04-30 13:00:50','',1,2,''),
(173,'Асосхои бехатарии харакат дар роххои автомобилгард.',1,1,'2017-12-27',1,50,4,'2020-04-30 13:01:31','2020-04-30 13:01:31','',1,2,''),
(174,'Масолеххои дар автомобил истифодашаванда : Васоити машғулиятҳои амалии озмоишгоҳӣ. 76 саҳ., 2017с.',1,1,'2017-12-27',1,50,4,'2020-04-30 13:02:45','2020-04-30 13:02:45','',1,2,''),
(175,'Масолеххои дар автомобил истифодашаванда : Конспекти лексияҳо. 55 саҳ., 2017с.',1,1,'2017-12-27',1,50,4,'2020-04-30 13:03:43','2020-04-30 13:03:43','',1,2,''),
(176,'Масолеххои дар автомобил истифодашаванда. Матни лексияхо.(кисми 2)',1,1,'2017-12-27',1,50,4,'2020-04-30 13:04:26','2020-04-30 13:04:26','',1,2,''),
(177,'Масолеҳшиносӣ ва технологияи масолеҳҳои конструксионӣ : Курси лексияхо.  84 саҳ., 2017с.',1,1,'2017-12-27',1,50,4,'2020-04-30 13:05:24','2020-04-30 13:05:24','',1,2,''),
(178,'Масолеҳшиносӣ ва технологияи масолеҳҳои конструксионӣ : Дастури методӣ барои дарсҳои амалӣ-лабораторӣ.   41 саҳ., 2017с.',1,1,'2017-12-27',1,50,4,'2020-04-30 13:06:19','2020-04-30 13:06:19','',1,2,''),
(179,'Дастгоҳҳо ва тачҳизотҳо барои таъмири автомобилҳо-2 : Конспекти лексияҳо.  45 саҳ., 2017с.',1,1,'2017-12-27',1,50,4,'2020-04-30 13:07:34','2020-04-30 13:07:34','',1,2,''),
(180,'Дастгоххо ва тачхизотхо барои таъмири автомобилхо. Кисми 1.',1,1,'2017-12-27',1,50,4,'2020-04-30 13:08:38','2020-04-30 13:08:38','',1,2,''),
(181,'Диагностика, таъмир ва хизматрасонӣ ба автомобилҳо-1 : курси лексияҳо.  90 саҳ., 2017с.',1,1,'2017-12-27',1,50,4,'2020-04-30 13:09:19','2020-04-30 13:09:19','',1,2,''),
(182,'Диагностика, таъмир ва хизматрасонӣ ба автомобилҳо-2 : Курси лексияҳо.  30 саҳ., 2017с.',1,1,'2017-12-27',1,50,4,'2020-04-30 13:09:55','2020-04-30 13:09:55','',1,2,''),
(183,'\"Диагностика, таъмир ва хизматрасони ба автомобилхо - 5.  Курси лексияхо.\"',1,1,'2017-12-27',1,50,4,'2020-04-30 13:10:37','2020-04-30 13:10:37','',1,2,''),
(184,'Сохт ва конструксияхои автомобилхо. Воситаи таълим',1,1,'2017-12-27',1,50,4,'2020-04-30 13:11:19','2020-04-30 13:11:19','',1,2,''),
(185,'Сохт ва конструксияхои автомобилхо. Воситаи таълим',1,1,'2017-12-27',1,50,4,'2020-04-30 13:12:18','2020-04-30 13:12:18','',1,2,''),
(186,'Сохт ва конструксияхои автомобилхо. Воситаи таълим',1,1,'2017-12-27',1,50,4,'2020-04-30 13:13:11','2020-04-30 13:13:11','',1,2,''),
(187,'Сохт ва конструксияхои автомобилхо. Воситаи таълим',1,1,'2017-12-27',1,50,4,'2020-04-30 13:14:40','2020-04-30 13:14:40','',1,2,''),
(188,'\"Диагностика, таъмир ва хизматрасони ба автомобилхо - 5.  Курси лексияхо.\"',1,1,'2017-12-27',1,50,4,'2020-04-30 13:15:30','2020-04-30 13:15:30','',1,2,''),
(189,'Асосхои бехатарии харакат дар роххои автомобилгард.',1,1,'2017-12-27',1,50,4,'2020-04-30 13:16:23','2020-04-30 13:16:23','',1,2,''),
(190,'Конспекти лексияҳо',1,1,'2017-12-27',1,50,4,'2020-04-30 13:30:40','2020-04-30 13:30:40','',1,2,''),
(191,'Супориш оид ба иҷрои корҳои мустақилонаи назоратшаванда',3,1,'2017-12-27',1,50,4,'2020-04-30 13:31:47','2020-04-30 13:31:47','',1,2,''),
(192,'курси лексияҳо',1,1,'2017-12-27',1,50,4,'2020-04-30 13:33:00','2020-04-30 13:33:00','',1,2,''),
(193,'дастури методӣ оид ба иҷроиши корҳои лабораторӣ',2,1,'2017-12-27',1,50,4,'2020-04-30 13:33:49','2020-04-30 13:33:49','',1,2,''),
(194,'дастури методӣ ',1,1,'2017-12-27',1,28,4,'2020-04-30 13:35:15','2020-04-30 13:35:15','',1,2,''),
(195,'Конспекти лексияҳо',1,1,'2017-12-27',1,50,4,'2020-04-30 13:36:35','2020-04-30 13:36:35','',1,2,''),
(196,'Конспекти лексияҳо',1,1,'2017-12-27',1,50,3,'2024-01-08 14:27:39','2024-01-08 13:49:49','2_Абрамян_М_Э_Электронный_задачник_по_программированию.pdf',1,2,''),
(197,'Burgers',1,2,'2024-01-16',1,25,3,'2024-01-13 14:05:46','2024-01-13 14:05:46','65a2526ab0eb2.pdf',1,2,''),
(198,'Burgers',1,2,'2024-01-16',2,25,3,'2024-01-13 14:06:06','2024-01-13 14:06:06','65a2527ebc546.pdf',1,2,''),
(199,'Burgers',1,3,'2024-01-16',2,25,3,'2024-01-13 14:13:54','2024-01-13 14:13:54','65a2545266310.txt',1,2,''),
(200,'Burgers',1,3,'2024-01-16',2,25,3,'2024-01-13 14:15:05','2024-01-13 14:15:05','65a25499c3029.txt',1,2,''),
(201,'Burgers',1,3,'2024-01-16',2,25,3,'2024-01-13 14:30:49','2024-01-13 14:30:49','65a25849607a8.txt',1,2,''),
(202,'Burgers',1,3,'2024-01-16',2,25,3,'2024-01-13 14:31:18','2024-01-13 14:31:18','65a258662b9e5.txt',1,2,''),
(203,'Burgers',1,2,'2024-01-16',1,1,3,'2024-01-13 14:31:45','2024-01-13 14:31:45','65a258812826f.jpg',1,2,''),
(204,'Burgers',1,3,'2024-01-16',2,25,3,'2024-01-13 14:35:43','2024-01-13 14:35:43','65a2596f1b7b2.txt',1,2,''),
(205,'Burgers',1,2,'2024-01-16',1,33,3,'2024-01-13 14:36:22','2024-01-13 14:36:22','65a259961c812.pdf',1,2,''),
(206,'Burgers',1,2,'2024-01-16',1,25,3,'2024-01-13 14:38:29','2024-01-13 14:38:29','65a25a15f17d2.pdf',1,2,''),
(207,'Burgers',1,2,'2024-01-16',1,25,3,'2024-01-13 15:00:49','2024-01-13 15:00:49','65a25f512299b.pdf',1,2,''),
(208,'Burgers',1,2,'2024-01-16',1,25,3,'2024-01-13 15:09:26','2024-01-13 15:09:26','65a2615627648.pdf',1,2,''),
(209,'Burgers',1,2,'2024-01-16',1,25,3,'2024-01-13 15:09:27','2024-01-13 15:09:27','65a261576a482.pdf',1,2,''),
(210,'Burgers',1,2,'2024-01-16',1,25,3,'2024-01-13 15:10:48','2024-01-13 15:10:48','65a261a80de2d.pdf',1,2,''),
(211,'Burgers',1,2,'2024-01-16',1,25,3,'2024-01-13 15:10:49','2024-01-13 15:10:49','65a261a9c6d6f.pdf',1,2,''),
(212,'Burgers',1,2,'2024-01-16',1,25,3,'2024-01-13 15:11:03','2024-01-13 15:11:03','65a261b78fd19.pdf',1,2,''),
(213,'Burgers',1,2,'2024-01-16',1,25,3,'2024-01-13 15:11:30','2024-01-13 15:11:30','65a261d2d5cdb.pdf',1,2,''),
(214,'Толстой',1,1,'2024-01-16',1,25,3,'2024-01-13 15:33:17','2024-01-13 15:33:17','65a266ed666fc.xlsx',1,2,''),
(215,'Толстой',1,1,'2024-01-16',1,25,3,'2024-01-13 15:33:51','2024-01-13 15:33:51','65a2670f6ab15.xlsx',1,2,''),
(216,'Толстой',1,1,'2024-01-16',1,25,3,'2024-01-13 15:36:18','2024-01-13 15:36:18','65a267a26ba59.xlsx',1,2,''),
(217,'Толстой',2,2,'2024-01-16',1,25,3,'2024-01-13 15:40:11','2024-01-13 15:40:11','65a2688b5eedd.xlsx',1,2,''),
(218,'Толстой',2,2,'2024-01-16',1,25,3,'2024-01-13 15:42:36','2024-01-13 15:42:36','65a2691c2793d.xlsx',1,2,''),
(219,'Толстой',2,2,'2024-01-16',1,25,3,'2024-01-13 15:47:12','2024-01-13 15:47:12','65a26a304530e.xlsx',1,2,''),
(220,'Толстой',1,1,'2024-01-16',1,25,3,'2024-01-13 15:47:35','2024-01-13 15:47:35','65a26a47b3add.png',1,2,''),
(221,'Толстой',1,1,'2024-01-16',1,25,3,'2024-01-13 15:49:06','2024-01-13 15:49:06','65a26aa2eb31f.png',1,2,''),
(222,'paradox29',1,2,'2024-01-16',2,34,3,'2024-01-13 16:05:28','2024-01-13 16:05:28','65a26e78a6bc1.png',1,2,''),
(223,'paradox29',2,2,'2024-01-16',1,34,3,'2024-01-13 16:07:02','2024-01-13 16:07:02','65a26ed6bdb7b.png',1,2,''),
(224,'paradox29',2,2,'2024-01-16',1,34,3,'2024-01-13 16:07:38','2024-01-13 16:07:38','65a26efa2bcfd.png',1,2,''),
(225,'paradox29',2,2,'2024-01-16',1,1,3,'2024-01-13 16:09:05','2024-01-13 16:09:05','65a26f51a7681.txt',1,2,''),
(226,'paradox29',2,2,'2024-01-16',1,1,3,'2024-01-13 16:09:35','2024-01-13 16:09:35','65a26f6fd2401.txt',1,2,''),
(227,'Толстой',1,3,'2024-01-16',1,23,3,'2024-01-13 16:10:30','2024-01-13 16:10:30','65a26fa6f20a3.txt',1,2,''),
(228,'Толстой',1,3,'2024-01-16',1,23,3,'2024-01-13 16:12:57','2024-01-13 16:12:57','65a270396f46e.txt',1,2,''),
(229,'paradox29',1,2,'2024-01-16',1,1,3,'2024-01-15 10:42:35','2024-01-15 10:42:35','65a4c5cb5c494.txt',1,2,''),
(230,'paradox29',1,2,'2024-01-16',1,1,3,'2024-01-15 10:43:31','2024-01-15 10:43:31','65a4c603e4d37.txt',1,2,''),
(231,'paradox29',1,2,'2024-01-16',1,1,3,'2024-01-15 10:44:08','2024-01-15 10:44:08','65a4c6286692f.txt',1,2,''),
(232,'paradox29',1,2,'2024-01-16',1,1,3,'2024-01-15 10:48:29','2024-01-15 10:48:29','65a4c72d41963.txt',1,2,''),
(233,'paradox29',1,2,'2024-01-16',1,1,3,'2024-01-15 10:48:49','2024-01-15 10:48:49','65a4c741e2296.txt',1,2,''),
(234,'paradox29',1,2,'2024-01-16',1,1,3,'2024-01-15 10:53:38','2024-01-15 10:53:38','65a4c862c6aa0.txt',1,2,''),
(235,'paradox29',1,2,'2024-01-16',1,1,3,'2024-01-15 10:53:54','2024-01-15 10:53:54','65a4c87298a62.txt',1,2,''),
(236,'paradox29',1,2,'2024-01-16',1,1,3,'2024-01-15 10:55:04','2024-01-15 10:55:04','2.txt',1,2,''),
(237,'Толстой',2,2,'2024-01-16',2,25,2,'2024-02-23 17:23:52','2024-01-16 09:25:39','photo_2024-02-23_15-00-361.jpg',1,2,''),
(238,'Толстой',2,2,'2024-01-16',2,25,2,'2024-02-23 17:30:06','2024-01-16 09:26:10','photo_2024-02-23_15-00-41.jpg',1,2,''),
(239,'Толстой',2,2,'2024-01-16',2,25,2,'2024-02-23 17:31:03','2024-01-16 09:26:42','photo_2024-02-23_15-00-26.jpg',1,2,''),
(240,'paradox29',1,1,'2024-01-16',2,30,2,'2024-01-16 09:27:25','2024-01-16 09:27:25','3 цикл ним. 1 23-24 (1).pdf',1,2,''),
(241,'paradox29',1,1,'2024-01-16',2,30,2,'2024-01-16 09:28:25','2024-01-16 09:28:25','3 цикл ним. 1 23-24 (1).pdf',1,2,''),
(242,'paradox29',1,1,'2024-01-16',2,30,2,'2024-01-16 09:28:39','2024-01-16 09:28:39','3 цикл ним. 1 23-24 (1).pdf',1,2,''),
(243,'paradox29',2,3,'2024-01-16',1,35,2,'2024-01-16 09:29:01','2024-01-16 09:29:01','16958_571297297.pdf',1,2,''),
(244,'TEst',1,1,'2024-01-20',1,1,2,'2024-01-20 15:52:20','2024-01-20 15:52:20','2.txt',1,2,''),
(245,'Test',2,2,'2024-02-03',1,20,2,'2024-02-03 12:18:26','2024-02-03 12:18:26','photo_2024-02-03_10-44-04.ico',1,2,''),
(246,'Толстой',1,1,'2024-02-21',1,2,3,'2024-02-21 11:28:29','2024-02-21 11:28:29','1A6A8114.png',1,2,''),
(247,'Толстой1',1,1,'2024-02-21',2,2,3,'2024-02-21 13:26:23','2024-02-21 13:26:23','5e25909a739226d581c9f4ffbea293df.pdf',1,2,''),
(248,'paradox291',1,3,'2024-02-21',1,5,3,'2024-02-21 13:35:05','2024-02-21 13:35:05','1553',1,2,''),
(249,'paradox293',1,3,'2024-02-21',1,5,3,'2024-02-21 13:40:09','2024-02-21 13:40:09','1553',1,2,''),
(250,'paradox292',1,3,'2024-02-21',1,5,3,'2024-02-21 13:40:52','2024-02-21 13:40:52','0',1,2,''),
(251,'Jahon',1,1,'2024-02-21',1,6,2,'2024-02-21 18:02:23','2024-02-21 18:02:23','3 цикл ним. 1 23-24 (1).pdf',1,2,'');

/*Table structure for table `material_author` */

DROP TABLE IF EXISTS `material_author`;

CREATE TABLE `material_author` (
  `id` int(11) NOT NULL AUTO_INCREMENT,
  `material_id` int(11) NOT NULL,
  `author_id` int(11) NOT NULL,
  PRIMARY KEY (`id`),
  KEY `author_id` (`author_id`),
  KEY `material_id` (`material_id`),
  CONSTRAINT `material_author_ibfk_1` FOREIGN KEY (`author_id`) REFERENCES `author` (`id`),
  CONSTRAINT `material_author_ibfk_2` FOREIGN KEY (`material_id`) REFERENCES `material` (`id`)
) ENGINE=InnoDB AUTO_INCREMENT=343 DEFAULT CHARSET=utf8;

/*Data for the table `material_author` */

insert  into `material_author`(`id`,`material_id`,`author_id`) values 
(32,7,1),
(33,7,2),
(34,6,1),
(35,6,4),
(36,8,1),
(37,11,9),
(38,11,10),
(40,13,1),
(42,12,1),
(43,14,10),
(44,15,11),
(45,16,1),
(46,16,2),
(47,17,10),
(48,18,10),
(49,19,13),
(50,20,1),
(51,21,1),
(52,21,2),
(53,22,1),
(54,22,2),
(57,24,14),
(58,25,14),
(59,26,14),
(60,27,15),
(61,28,1),
(62,29,1),
(63,30,14),
(64,31,10),
(66,33,10),
(69,23,1),
(70,23,2),
(71,34,16),
(73,32,2),
(74,35,2),
(75,36,2),
(76,37,10),
(77,37,17),
(78,38,10),
(79,38,17),
(83,40,19),
(84,41,19),
(86,39,20),
(88,43,21),
(89,44,23),
(90,45,24),
(91,46,25),
(92,47,26),
(93,48,1),
(94,49,9),
(95,49,10),
(96,50,1),
(97,51,9),
(98,51,10),
(99,52,1),
(100,53,1),
(101,54,29),
(102,55,29),
(103,56,2),
(104,57,2),
(105,58,30),
(106,59,1),
(107,60,10),
(108,61,1),
(109,61,2),
(110,61,10),
(111,61,15),
(112,62,1),
(113,62,2),
(114,62,10),
(115,62,15),
(116,63,1),
(117,64,11),
(118,65,10),
(119,66,31),
(120,67,1),
(121,67,2),
(122,67,10),
(123,67,15),
(124,68,1),
(125,68,2),
(126,69,14),
(127,70,14),
(128,71,2),
(129,72,13),
(130,73,1),
(131,74,1),
(132,74,2),
(133,75,14),
(134,76,15),
(135,77,1),
(136,78,1),
(137,79,1),
(138,80,33),
(139,81,33),
(140,82,34),
(141,83,35),
(142,84,35),
(144,85,36),
(145,86,29),
(146,87,29),
(147,88,37),
(148,89,37),
(149,90,36),
(150,91,38),
(151,92,29),
(152,93,10),
(155,96,2),
(156,95,10),
(157,94,14),
(158,97,16),
(159,98,2),
(160,98,39),
(161,99,10),
(162,99,17),
(164,100,40),
(165,101,43),
(166,102,42),
(167,103,44),
(168,104,45),
(169,105,40),
(170,106,44),
(171,107,47),
(172,108,43),
(173,109,48),
(175,42,19),
(176,110,48),
(177,111,52),
(178,112,52),
(179,113,50),
(180,114,46),
(181,115,45),
(182,116,45),
(183,117,51),
(184,118,43),
(185,119,36),
(186,120,36),
(187,121,32),
(188,122,32),
(189,123,2),
(190,123,39),
(191,124,2),
(192,124,39),
(193,125,54),
(194,126,54),
(195,126,55),
(196,127,54),
(197,127,55),
(198,128,54),
(199,128,55),
(200,129,54),
(201,129,55),
(202,130,33),
(203,131,33),
(204,132,56),
(205,133,56),
(206,134,57),
(208,135,58),
(209,136,59),
(210,137,56),
(211,138,60),
(212,138,61),
(213,139,56),
(214,140,56),
(215,141,56),
(217,142,56),
(218,143,56),
(219,144,61),
(220,145,61),
(221,146,63),
(222,147,59),
(223,148,59),
(224,149,60),
(225,149,61),
(226,150,60),
(227,150,61),
(228,151,60),
(229,152,60),
(230,153,60),
(231,154,64),
(232,155,64),
(233,156,59),
(234,157,67),
(235,158,67),
(236,158,68),
(237,158,69),
(238,159,70),
(239,160,70),
(240,161,70),
(242,163,71),
(243,164,59),
(244,165,72),
(245,165,73),
(246,166,72),
(247,167,74),
(248,168,74),
(249,169,74),
(250,170,75),
(251,171,74),
(252,172,59),
(253,173,59),
(254,174,69),
(255,174,70),
(256,175,69),
(257,176,69),
(258,177,76),
(259,178,76),
(260,179,67),
(261,180,67),
(262,180,68),
(263,180,69),
(264,181,59),
(265,182,59),
(266,183,72),
(267,183,73),
(268,184,59),
(269,185,59),
(270,186,59),
(271,187,62),
(272,188,72),
(273,188,73),
(274,189,59),
(275,162,59),
(276,190,78),
(277,191,78),
(278,192,79),
(279,193,80),
(280,194,80),
(281,195,81),
(283,196,2),
(284,197,1),
(285,198,1),
(286,199,1),
(287,200,1),
(288,201,1),
(289,202,1),
(290,203,1),
(291,204,1),
(292,205,1),
(293,206,2),
(294,207,2),
(295,208,2),
(296,209,2),
(297,210,2),
(298,211,2),
(299,212,2),
(300,213,2),
(301,214,2),
(302,215,1),
(303,216,1),
(304,217,2),
(305,218,2),
(306,219,2),
(307,220,1),
(308,221,1),
(309,222,2),
(310,223,2),
(311,224,2),
(312,225,2),
(313,226,2),
(314,227,2),
(315,228,2),
(316,229,1),
(317,230,1),
(318,231,1),
(319,232,1),
(320,233,1),
(321,234,1),
(322,235,1),
(323,236,1),
(327,240,2),
(328,241,2),
(329,242,2),
(330,243,1),
(331,244,1),
(332,245,1),
(333,245,2),
(334,246,1),
(335,247,1),
(336,248,1),
(337,249,1),
(338,250,1),
(339,251,4),
(340,237,2),
(341,238,2),
(342,239,2);

/*Table structure for table `material_specialty` */

DROP TABLE IF EXISTS `material_specialty`;

CREATE TABLE `material_specialty` (
  `id` int(11) NOT NULL AUTO_INCREMENT,
  `material_id` int(11) NOT NULL,
  `specialty_id` int(11) NOT NULL,
  PRIMARY KEY (`id`),
  KEY `specialty_id` (`specialty_id`),
  KEY `material_id` (`material_id`),
  CONSTRAINT `material_specialty_ibfk_1` FOREIGN KEY (`specialty_id`) REFERENCES `specialty` (`id`),
  CONSTRAINT `material_specialty_ibfk_2` FOREIGN KEY (`material_id`) REFERENCES `material` (`id`)
) ENGINE=InnoDB AUTO_INCREMENT=298 DEFAULT CHARSET=utf8;

/*Data for the table `material_specialty` */

insert  into `material_specialty`(`id`,`material_id`,`specialty_id`) values 
(27,7,1),
(28,7,2),
(29,6,1),
(30,6,2),
(31,8,1),
(32,8,2),
(33,11,2),
(35,13,2),
(37,12,2),
(38,14,2),
(39,15,2),
(40,16,2),
(41,17,2),
(42,18,2),
(43,19,2),
(44,20,2),
(45,21,2),
(46,22,2),
(48,24,2),
(49,25,2),
(50,26,2),
(51,27,2),
(52,28,2),
(53,29,2),
(54,30,2),
(55,31,2),
(57,33,2),
(59,23,2),
(60,34,2),
(62,32,2),
(63,35,2),
(64,36,2),
(65,37,2),
(66,38,2),
(70,40,2),
(71,41,2),
(73,39,2),
(75,43,2),
(76,44,2),
(77,45,2),
(78,46,2),
(79,47,2),
(80,48,1),
(81,49,1),
(82,50,1),
(83,51,1),
(84,52,1),
(85,53,1),
(86,54,1),
(87,55,1),
(88,56,1),
(89,57,1),
(90,58,1),
(91,59,1),
(92,60,1),
(93,61,2),
(94,62,2),
(95,63,1),
(96,64,1),
(97,65,1),
(98,66,1),
(99,67,1),
(100,68,1),
(101,69,1),
(102,70,1),
(103,71,1),
(104,72,1),
(105,73,1),
(106,74,1),
(107,75,1),
(108,76,1),
(109,77,1),
(110,78,1),
(111,79,1),
(112,80,1),
(113,81,1),
(114,82,1),
(115,83,1),
(116,84,1),
(118,85,1),
(119,86,1),
(120,87,1),
(121,88,1),
(122,89,1),
(123,90,1),
(124,91,1),
(125,92,1),
(126,93,1),
(129,96,1),
(130,95,1),
(131,94,1),
(132,97,1),
(133,98,1),
(134,99,1),
(136,100,23),
(137,101,23),
(138,102,23),
(139,103,23),
(140,104,23),
(141,105,23),
(142,106,23),
(143,107,23),
(144,108,23),
(145,109,23),
(147,42,2),
(148,110,23),
(149,111,23),
(150,112,23),
(151,113,23),
(152,114,23),
(153,115,23),
(154,116,23),
(155,117,23),
(156,118,23),
(157,119,5),
(158,120,5),
(159,121,5),
(160,122,5),
(161,123,5),
(162,124,5),
(163,125,5),
(164,126,5),
(165,127,5),
(166,128,5),
(167,129,5),
(168,130,5),
(169,131,5),
(170,132,18),
(171,133,18),
(172,134,18),
(174,135,18),
(175,136,18),
(176,137,18),
(177,138,18),
(178,139,18),
(179,140,18),
(180,141,18),
(182,142,18),
(183,143,18),
(184,144,18),
(185,145,18),
(186,146,18),
(187,147,18),
(188,148,18),
(189,149,17),
(190,150,17),
(191,151,17),
(192,152,17),
(193,153,17),
(194,154,17),
(195,155,17),
(196,156,8),
(197,157,8),
(198,158,8),
(199,159,8),
(200,160,8),
(201,161,8),
(203,163,8),
(204,164,8),
(205,165,8),
(206,166,8),
(207,167,8),
(208,168,8),
(209,169,8),
(210,170,8),
(211,171,8),
(212,172,8),
(213,173,8),
(214,174,8),
(215,175,8),
(216,176,8),
(217,177,8),
(218,178,8),
(219,179,8),
(220,180,8),
(221,181,8),
(222,182,8),
(223,183,8),
(224,184,8),
(225,185,8),
(226,186,8),
(227,187,8),
(228,188,8),
(229,189,8),
(230,162,8),
(231,190,4),
(232,191,4),
(233,192,4),
(234,193,4),
(235,194,4),
(236,195,4),
(238,196,1),
(239,197,2),
(240,198,3),
(241,199,1),
(242,200,1),
(243,201,1),
(244,202,1),
(245,203,2),
(246,204,1),
(247,205,3),
(248,206,3),
(249,207,3),
(250,208,3),
(251,209,3),
(252,210,3),
(253,211,3),
(254,212,3),
(255,213,3),
(256,214,2),
(257,215,3),
(258,216,3),
(259,217,2),
(260,218,2),
(261,219,2),
(262,220,3),
(263,221,3),
(264,222,4),
(265,223,2),
(266,224,2),
(267,225,2),
(268,226,2),
(269,227,2),
(270,228,2),
(271,229,2),
(272,230,2),
(273,231,2),
(274,232,2),
(275,233,2),
(276,234,2),
(277,235,2),
(278,236,2),
(282,240,2),
(283,241,2),
(284,242,2),
(285,243,2),
(286,244,1),
(287,245,20),
(288,246,2),
(289,247,2),
(290,248,1),
(291,248,2),
(292,249,1),
(293,250,1),
(294,251,2),
(295,237,2),
(296,238,2),
(297,239,2);

/*Table structure for table `material_status` */

DROP TABLE IF EXISTS `material_status`;

CREATE TABLE `material_status` (
  `id` int(11) NOT NULL AUTO_INCREMENT,
  `desciption` varchar(50) NOT NULL,
  PRIMARY KEY (`id`)
) ENGINE=InnoDB AUTO_INCREMENT=6 DEFAULT CHARSET=utf8;

/*Data for the table `material_status` */

insert  into `material_status`(`id`,`desciption`) values 
(1,'материал добавлен'),
(2,'материал подтвержден Зав. кафедрой'),
(3,'материал подтвержден Отделом науки'),
(4,'материал откланен Зав. кафедрой'),
(5,'материал откланен Отделом науки');

/*Table structure for table `material_subject` */

DROP TABLE IF EXISTS `material_subject`;

CREATE TABLE `material_subject` (
  `id` int(11) NOT NULL AUTO_INCREMENT,
  `material_id` int(11) NOT NULL,
  `subject_id` int(11) NOT NULL,
  PRIMARY KEY (`id`),
  KEY `subject_id` (`subject_id`),
  KEY `material_id` (`material_id`),
  CONSTRAINT `material_subject_ibfk_1` FOREIGN KEY (`subject_id`) REFERENCES `subject` (`id`),
  CONSTRAINT `material_subject_ibfk_2` FOREIGN KEY (`material_id`) REFERENCES `material` (`id`)
) ENGINE=InnoDB AUTO_INCREMENT=284 DEFAULT CHARSET=utf8;

/*Data for the table `material_subject` */

insert  into `material_subject`(`id`,`material_id`,`subject_id`) values 
(15,7,1),
(16,6,1),
(17,8,1),
(18,11,1),
(20,13,4),
(22,12,2),
(23,14,5),
(24,15,7),
(25,16,9),
(26,17,48),
(27,18,48),
(28,19,21),
(29,20,21),
(30,21,21),
(31,22,21),
(33,24,21),
(34,25,21),
(35,26,21),
(36,27,21),
(37,28,21),
(38,29,21),
(39,30,75),
(40,31,77),
(42,33,77),
(44,23,21),
(45,34,38),
(47,32,37),
(48,35,37),
(49,36,37),
(50,37,74),
(51,38,74),
(55,40,25),
(56,41,19),
(58,39,25),
(60,43,19),
(61,44,23),
(62,45,23),
(63,46,23),
(64,47,23),
(65,48,42),
(66,49,42),
(67,50,42),
(68,51,1),
(69,52,1),
(70,53,1),
(71,54,43),
(72,55,43),
(73,56,43),
(74,57,43),
(75,58,43),
(76,59,2),
(77,60,2),
(78,61,2),
(79,62,2),
(80,63,47),
(81,64,7),
(82,65,5),
(83,66,49),
(84,67,49),
(85,68,9),
(86,69,52),
(87,70,53),
(88,71,54),
(89,72,21),
(90,73,21),
(91,74,21),
(92,75,21),
(93,76,21),
(94,77,21),
(95,78,21),
(96,79,21),
(97,80,71),
(98,81,71),
(99,82,83),
(100,83,83),
(101,84,83),
(103,85,83),
(104,86,83),
(105,87,83),
(106,88,83),
(107,89,83),
(108,90,83),
(109,91,83),
(110,92,83),
(111,93,83),
(114,96,76),
(115,95,76),
(116,94,75),
(117,97,77),
(118,98,80),
(119,99,74),
(121,100,84),
(122,101,85),
(123,102,85),
(124,103,85),
(125,104,85),
(126,105,85),
(127,106,85),
(128,107,88),
(129,108,88),
(130,109,89),
(132,42,19),
(133,110,89),
(134,111,89),
(135,112,89),
(136,113,90),
(137,114,90),
(138,115,91),
(139,116,91),
(140,117,92),
(141,118,93),
(142,119,94),
(143,120,94),
(144,121,95),
(145,122,95),
(146,123,96),
(147,124,96),
(148,125,97),
(149,126,97),
(150,127,97),
(151,128,97),
(152,129,97),
(153,130,98),
(154,131,98),
(155,132,99),
(156,133,99),
(157,134,101),
(159,135,102),
(160,136,103),
(161,137,104),
(162,138,105),
(163,139,106),
(164,140,107),
(165,141,108),
(167,142,109),
(168,143,109),
(169,144,110),
(170,145,111),
(171,146,112),
(172,147,113),
(173,148,113),
(174,149,114),
(175,150,114),
(176,151,114),
(177,152,114),
(178,153,114),
(179,154,115),
(180,155,115),
(181,156,121),
(182,157,121),
(183,158,122),
(184,159,123),
(185,160,123),
(186,161,123),
(188,163,124),
(189,164,125),
(190,165,125),
(191,166,125),
(192,167,126),
(193,168,127),
(194,169,128),
(195,170,129),
(196,171,130),
(197,172,131),
(198,173,132),
(199,174,133),
(200,175,133),
(201,176,133),
(202,177,135),
(203,178,135),
(204,179,136),
(205,180,136),
(206,181,137),
(207,182,137),
(208,183,137),
(209,184,138),
(210,185,139),
(211,186,140),
(212,187,141),
(213,188,142),
(214,189,143),
(215,162,144),
(216,190,145),
(217,191,145),
(218,192,151),
(219,193,148),
(220,194,147),
(221,195,147),
(223,196,94),
(224,197,116),
(225,198,94),
(226,199,94),
(227,200,94),
(228,201,94),
(229,202,94),
(230,203,94),
(231,204,94),
(232,205,94),
(233,206,94),
(234,207,94),
(235,208,94),
(236,209,94),
(237,210,94),
(238,211,94),
(239,212,94),
(240,213,94),
(241,214,94),
(242,215,116),
(243,215,94),
(244,216,116),
(245,216,94),
(246,217,94),
(247,218,94),
(248,219,94),
(249,220,116),
(250,221,116),
(251,222,42),
(252,223,94),
(253,224,94),
(254,225,94),
(255,226,94),
(256,227,94),
(257,228,94),
(258,229,94),
(259,230,94),
(260,231,94),
(261,232,94),
(262,233,94),
(263,234,94),
(264,235,94),
(265,236,94),
(269,240,94),
(270,241,94),
(271,242,94),
(272,243,94),
(273,244,116),
(274,245,42),
(275,246,94),
(276,247,116),
(277,248,42),
(278,249,42),
(279,250,42),
(280,251,94),
(281,237,94),
(282,238,94),
(283,239,94);

/*Table structure for table `place` */

DROP TABLE IF EXISTS `place`;

CREATE TABLE `place` (
  `id` int(11) NOT NULL AUTO_INCREMENT,
  `name` varchar(64) NOT NULL,
  `date_edit` datetime NOT NULL DEFAULT CURRENT_TIMESTAMP,
  `date_add` datetime NOT NULL DEFAULT CURRENT_TIMESTAMP,
  PRIMARY KEY (`id`)
) ENGINE=InnoDB AUTO_INCREMENT=3 DEFAULT CHARSET=utf8;

/*Data for the table `place` */

insert  into `place`(`id`,`name`,`date_edit`,`date_add`) values 
(1,'ш. Хуҷанд','2020-04-17 23:18:31','2020-04-17 23:18:31'),
(2,'ш. Душанбе','2020-04-17 23:18:45','2020-04-17 23:18:45');

/*Table structure for table `role` */

DROP TABLE IF EXISTS `role`;

CREATE TABLE `role` (
  `id` int(11) NOT NULL AUTO_INCREMENT,
  `name` varchar(16) NOT NULL,
  `date_add` datetime NOT NULL DEFAULT CURRENT_TIMESTAMP,
  `comment` varchar(255) DEFAULT NULL,
  PRIMARY KEY (`id`)
) ENGINE=InnoDB AUTO_INCREMENT=5 DEFAULT CHARSET=utf8;

/*Data for the table `role` */

insert  into `role`(`id`,`name`,`date_add`,`comment`) values 
(1,'Преподователь','2020-04-16 01:08:13','permission to insert'),
(2,'Зав. кафедры','2020-04-16 01:08:20','permission to insert/confirm'),
(3,'admin','2024-02-03 15:29:02','all permission'),
(4,'Отдел науки','2024-02-27 13:39:21','permission to insert/confirm');

/*Table structure for table `specialty` */

DROP TABLE IF EXISTS `specialty`;

CREATE TABLE `specialty` (
  `id` int(11) NOT NULL AUTO_INCREMENT,
  `code` varchar(32) NOT NULL,
  `name` varchar(255) NOT NULL,
  `user_id` int(11) DEFAULT NULL,
  `date_edit` datetime NOT NULL DEFAULT CURRENT_TIMESTAMP,
  `date_add` datetime NOT NULL DEFAULT CURRENT_TIMESTAMP,
  PRIMARY KEY (`id`),
  UNIQUE KEY `code` (`code`),
  KEY `user_id` (`user_id`),
  CONSTRAINT `specialty_ibfk_1` FOREIGN KEY (`user_id`) REFERENCES `user` (`id`)
) ENGINE=InnoDB AUTO_INCREMENT=24 DEFAULT CHARSET=utf8;

/*Data for the table `specialty` */

insert  into `specialty`(`id`,`code`,`name`,`user_id`,`date_edit`,`date_add`) values 
(1,'40.01.01','Таъминоти барномавии технологияҳои иттилоотӣ',NULL,'2020-04-14 09:16:53','2020-04-14 09:16:53'),
(2,'40.01.02','Технология ва низоми иттилоотӣ дар иқтисодиёт',NULL,'2020-04-14 09:17:11','2020-04-14 09:17:11'),
(3,'43.01.03','Таъмини барқ',NULL,'2020-04-14 09:17:27','2020-04-14 09:17:27'),
(4,'53.01.05','Ҳаракатдиҳандаҳои автоматии барқӣ',NULL,'2020-04-14 09:17:54','2020-04-14 09:17:54'),
(5,'26.03.01','Идораи захираҳои иттилоотӣ',4,'2020-04-27 15:35:51','2020-04-14 09:18:02'),
(6,'45.01.01','Технологияҳои бисёрқанотаи телеробитаҳо',NULL,'2020-04-14 09:18:14','2020-04-14 09:18:14'),
(7,'70.02.01','Сохтмони саноатӣ ва шаҳрвандӣ',NULL,'2020-04-14 09:19:02','2020-04-14 09:19:02'),
(8,'37.01.07','Хизматрасонии автомобилӣ',NULL,'2020-04-14 09:19:21','2020-04-14 09:19:21'),
(9,'44.01.01','Ташкили ҳамлу нақл ва идоракунӣ дар нақлиёти автомобилӣ ва шаҳрӣ',NULL,'2020-04-14 09:19:37','2020-04-14 09:19:37'),
(10,'25.01.03','иқтисодиёти ҷаҳонӣ',3,'2020-04-20 21:29:06','2020-04-14 09:20:20'),
(11,'25.01.04','молия ва қарз',NULL,'2020-04-14 09:20:41','2020-04-14 09:20:41'),
(12,'25.01.07','иқтисодиёт ва идора дар корхонаҳо',NULL,'2020-04-14 09:20:57','2020-04-14 09:20:57'),
(13,'26.02.01','бизнес маъмуриятчигӣ',NULL,'2020-04-14 09:21:12','2020-04-14 09:21:12'),
(16,'6D050700','менеҷмент',NULL,'2020-04-14 09:22:07','2020-04-14 09:22:07'),
(17,'50.10.01','Технологияи ришта, матоъ ва матои бе тору пуд',NULL,'2020-04-14 09:22:42','2020-04-14 09:22:42'),
(18,'50.01.02','Таркиб ва технологияи маҳсулоти дӯзандагӣ',NULL,'2020-04-14 09:23:06','2020-04-14 09:23:06'),
(19,'49.01.01','Технологияи нигоҳдорӣ ва коркарди ашёи хоми ғизоӣ',NULL,'2020-04-14 09:23:23','2020-04-14 09:23:23'),
(20,'49.01.02','Технологияи нигоҳдорӣ ва коркарди ашёи хоми пайдоиши ҳайвонот',NULL,'2020-04-14 09:23:40','2020-04-14 09:23:40'),
(21,'74.02.06','Технологияи истеҳсол, нигоҳдорӣ ва маҳсулоти растанипарварӣ',NULL,'2020-04-14 09:23:55','2020-04-14 09:23:55'),
(23,'00','Умумиихтисоси',4,'2020-04-27 12:50:04','2020-04-27 12:50:04');

/*Table structure for table `subject` */

DROP TABLE IF EXISTS `subject`;

CREATE TABLE `subject` (
  `id` int(11) NOT NULL AUTO_INCREMENT,
  `name` varchar(255) NOT NULL,
  `type_id` tinyint(4) NOT NULL DEFAULT '1',
  `date_edit` datetime NOT NULL DEFAULT CURRENT_TIMESTAMP,
  `date_add` datetime NOT NULL DEFAULT CURRENT_TIMESTAMP,
  PRIMARY KEY (`id`),
  UNIQUE KEY `name` (`name`),
  KEY `type_id` (`type_id`),
  CONSTRAINT `subject_ibfk_1` FOREIGN KEY (`type_id`) REFERENCES `subject_type` (`id`)
) ENGINE=InnoDB AUTO_INCREMENT=154 DEFAULT CHARSET=utf8;

/*Data for the table `subject` */

insert  into `subject`(`id`,`name`,`type_id`,`date_edit`,`date_add`) values 
(1,'Амалияи барномарезӣ',1,'2020-04-17 23:19:42','2020-04-17 23:19:42'),
(2,'Асосҳои алгоритмсозӣ ва барномарезӣ\r\n',1,'2020-04-17 23:19:55','2020-04-17 23:19:55'),
(3,'Аудит',1,'2020-04-17 23:20:00','2020-04-17 23:20:00'),
(4,'Балоиҳагирии системаҳои иттилоотӣ\r\n',1,'2020-04-17 23:20:08','2020-04-17 23:20:08'),
(5,'Барномарезӣ ба объект нигаронидашуда\r\n',1,'2020-04-17 23:20:14','2020-04-17 23:20:14'),
(6,'Барномарезӣ дар Java\r\n',1,'2020-04-17 23:20:15','2020-04-17 23:20:15'),
(7,'Барномарезӣ дар Microsoft Office\r\n',1,'2020-04-17 23:20:28','2020-04-17 23:20:28'),
(8,'Барномарезӣ дар Python\r\n',1,'2020-04-17 23:20:29','2020-04-17 23:20:29'),
(9,'Барномасозӣ дар C#',1,'2020-04-17 23:20:38','2020-04-17 23:20:38'),
(10,'Барномасозии ба объект нигаронидашуда\r\n',1,'2020-04-17 23:20:39','2020-04-17 23:20:39'),
(11,'Барномасозии гаҷетҳо\r\n',1,'2020-04-17 23:21:43','2020-04-17 23:21:43'),
(12,'Баҳисобгирии муҳосибӣ ва аудит',1,'2020-04-17 23:22:02','2020-04-17 23:22:02'),
(13,'Бизнес - нақша\r\n',1,'2020-04-17 23:22:49','2020-04-17 23:22:49'),
(14,'Бунёди замимаҳои кроссплатформавӣ\r\n',1,'2020-04-17 23:22:56','2020-04-17 23:22:56'),
(15,'Забони хориҷии муҳандисӣ\r\n',1,'2020-04-17 23:23:06','2020-04-17 23:23:06'),
(16,'Идораи лоиҳаи бунёди таъминоти барномавӣ\r\n',1,'2020-04-17 23:23:10','2020-04-17 23:23:10'),
(17,'Коркарди маълумотҳои таҷрибавӣ бо компютер\r\n',1,'2020-04-17 23:23:15','2020-04-17 23:23:15'),
(18,'Логистикаи тиҷоратӣ\r\n',1,'2020-04-17 23:23:16','2020-04-17 23:23:16'),
(19,'Макроиқтисодиёт',1,'2020-04-17 23:23:21','2020-04-17 23:23:21'),
(21,'Манбаи додаҳо\r\n',1,'2020-04-17 23:24:16','2020-04-17 23:24:16'),
(22,'Математика дар иқтисодиёт\r\n',1,'2020-04-17 23:24:24','2020-04-17 23:24:24'),
(23,'Менеҷмент ва маркетинг\r\n',1,'2020-04-17 23:24:26','2020-04-17 23:24:26'),
(24,'Меъмории таъминоти барномавӣ ва парадигмаҳои дизайн\r\n',1,'2020-04-17 23:24:30','2020-04-17 23:24:30'),
(25,'Микроиқтисодиёт\r\n',1,'2020-04-17 23:24:37','2020-04-17 23:24:37'),
(26,'Моделсозии иқтисодӣ дар MsExcel\r\n',1,'2020-04-17 23:24:40','2020-04-17 23:24:40'),
(27,'Назарияи иқтисодӣ\r\n',1,'2020-04-17 23:24:42','2020-04-17 23:24:42'),
(28,'Омор дар асоси таъминоти барномавии махсус',1,'2020-04-17 23:24:47','2020-04-17 23:24:47'),
(29,'Пешвоӣ дар роҳбарӣ',1,'2020-04-17 23:24:51','2020-04-17 23:24:51'),
(30,'Равоншиносии касбии иқтисодӣ',1,'2020-04-17 23:24:57','2020-04-17 23:24:57'),
(31,'Рушди нерӯи инсонӣ',1,'2020-04-17 23:25:02','2020-04-17 23:25:02'),
(32,'Сохтори додаҳо ва таҳлили алгоритмҳо',1,'2020-04-17 23:25:09','2020-04-17 23:25:09'),
(33,'Техникаи амалиёти ва баҳисобгирӣ дар бонк\r\n',1,'2020-04-17 23:25:10','2020-04-17 23:25:10'),
(34,'Технологияи ASP.NET',1,'2020-04-17 23:25:14','2020-04-17 23:25:14'),
(35,'Технологияи мултимедиӣ ва графикаи компютерӣ',1,'2020-04-17 23:25:18','2020-04-17 23:25:18'),
(36,'Технологияҳои муосири бунёди Internet-низомҳо',1,'2020-04-17 23:25:21','2020-04-17 23:25:21'),
(37,'Технологияҳои муосири бунёди Internet-низомҳо(проект)\r\n',1,'2020-04-17 23:25:40','2020-04-17 23:25:40'),
(38,'Технологияҳои муосири бунёди Web-замимаҳо\r\n',1,'2020-04-17 23:25:44','2020-04-17 23:25:44'),
(39,'Технологияҳои муосири бунёди Web-замимаҳо(проект)\r\n',1,'2020-04-17 23:25:48','2020-04-17 23:25:48'),
(40,'Тиҷорати электронӣ\r\n',1,'2020-04-17 23:25:52','2020-04-17 23:25:52'),
(41,'Эконометрика\r\n',1,'2020-04-17 23:25:53','2020-04-17 23:25:53'),
(42,'Амалияи алгоритмсозӣ\r\n',1,'2020-04-17 23:26:12','2020-04-17 23:26:12'),
(43,'Асосҳои Web-дизайн\r\n',1,'2020-04-17 23:26:19','2020-04-17 23:26:19'),
(45,'Асосҳои бунёди низомҳо ва шабакаҳои телекоммуникатсионӣ\r\n',1,'2020-04-17 23:29:28','2020-04-17 23:29:28'),
(46,'Балоиҳагирии системаҳои барномавӣ\r\n',1,'2020-04-17 23:29:32','2020-04-17 23:29:32'),
(47,'Балоиҳагирии системаҳои барномавӣ(проект)\r\n',1,'2020-04-17 23:29:48','2020-04-17 23:29:48'),
(48,'Барномарезии ба объект нигаронидашуда(проект)',1,'2020-04-17 23:30:06','2020-04-17 23:30:06'),
(49,'Барномасозӣ дар Android',1,'2020-04-17 23:30:22','2020-04-17 23:30:22'),
(50,'Барномасозии тафаккури сунъи',1,'2020-04-17 23:30:31','2020-04-17 23:30:31'),
(52,'Графикаи векторӣ ва CorelDraw\r\n',1,'2020-04-17 23:30:46','2020-04-17 23:30:46'),
(53,'Графикаи компютери бо 3D MAX\r\n',1,'2020-04-17 23:30:51','2020-04-17 23:30:51'),
(54,'Дизайн таъминоти барномави ва интерфейс\r\n',1,'2020-04-17 23:30:56','2020-04-17 23:30:56'),
(57,'Инфоробита ва шабакаҳои компютерӣ\r\n',1,'2020-04-17 23:31:11','2020-04-17 23:31:11'),
(59,'Математика барои муҳандисон\r\n',1,'2020-04-17 23:31:22','2020-04-17 23:31:22'),
(60,'Меъморӣ ва коркунии системаҳои компютерӣ\r\n',1,'2020-04-17 23:31:27','2020-04-17 23:31:27'),
(62,'Муқаддимаи муҳандисии барномавӣ',1,'2020-04-17 23:31:39','2020-04-17 23:31:39'),
(63,'Муқаддимаи тафаккури сунъи\r\n',1,'2020-04-17 23:31:44','2020-04-17 23:31:44'),
(65,'Практикуми тахассусӣ\r\n',1,'2020-04-17 23:31:55','2020-04-17 23:31:55'),
(66,'Равоншиносии касбӣ\r\n',1,'2020-04-17 23:31:59','2020-04-17 23:31:59'),
(67,'Равоншиносии касбии иқтисодӣ\r\n',1,'2020-04-17 23:32:04','2020-04-17 23:32:04'),
(68,'Рушди нерӯи инсонӣ\r\n',1,'2020-04-17 23:32:08','2020-04-17 23:32:08'),
(69,'Семинари касбии бунёди таъминоти барномавӣ\r\n',1,'2020-04-17 23:32:12','2020-04-17 23:32:12'),
(70,'Системаи оператсионии UNIX\r\n',1,'2020-04-17 23:32:16','2020-04-17 23:32:16'),
(71,'Системаҳои оператсионӣ ва барномасозии системавӣ\r\n',1,'2020-04-17 23:32:20','2020-04-17 23:32:20'),
(72,'Системаҳои оператсионии UNIX\r\n',1,'2020-04-17 23:32:24','2020-04-17 23:32:24'),
(73,'Сохтори додаҳо ва таҳлили алгоритмҳо\r\n',1,'2020-04-17 23:32:28','2020-04-17 23:32:28'),
(74,'Технологияи ASP.NET\r\n',1,'2020-04-17 23:32:32','2020-04-17 23:32:32'),
(75,'Технологияи мултимедиӣ ва графикаи компютерӣ\r\n',1,'2020-04-17 23:32:36','2020-04-17 23:32:36'),
(76,'Технологияҳо ва забонҳои Internet-барномасозӣ\r\n',1,'2020-04-17 23:32:40','2020-04-17 23:32:40'),
(77,'Технологияҳои муосири бунёди Internet-низомҳо\r\n',1,'2020-04-17 23:32:43','2020-04-17 23:32:43'),
(80,'Эътимоднокии низомҳову шабакаҳои компютерӣ ва ҳимояи захираҳои иттилоотии онҳо\r\n',1,'2020-04-17 23:32:57','2020-04-17 23:32:57'),
(83,'Технологияи информатсионӣ',1,'2020-04-27 12:20:50','2020-04-27 12:20:50'),
(84,'Диншиносӣ',1,'2020-04-27 12:51:57','2020-04-27 12:51:57'),
(85,'Забони тоҷикӣ',1,'2020-04-27 12:55:49','2020-04-27 12:55:49'),
(86,'Мантиқ',1,'2020-04-27 12:55:58','2020-04-27 12:55:58'),
(87,'Сиёсатшиносӣ',1,'2020-04-27 12:56:10','2020-04-27 12:56:10'),
(88,'Сотсиология',1,'2020-04-27 12:56:18','2020-04-27 12:56:18'),
(89,'Тарбияи ҷисмонӣ',1,'2020-04-27 12:56:27','2020-04-27 12:56:27'),
(90,'Таърихи халқи тоҷик',1,'2020-04-27 12:56:37','2020-04-27 12:56:37'),
(91,'Фарҳангшиносӣ',2,'2020-04-27 12:56:47','2020-04-27 12:56:47'),
(92,'Ҳуқуқ',2,'2020-04-27 12:56:55','2020-04-27 12:56:55'),
(93,'Этика ва эстетика',2,'2020-04-27 12:57:04','2020-04-27 12:57:04'),
(94,'Web-технологияҳо',1,'2020-04-27 13:34:06','2020-04-27 13:34:06'),
(95,'Балоиҳагирӣ ва нигоҳубини техникии шабакаҳои компютерӣ',1,'2020-04-27 13:37:39','2020-04-27 13:37:39'),
(96,'Бехатарии иттилоотӣ ва ҳимояи иттилоот',1,'2020-04-27 13:39:23','2020-04-27 13:39:23'),
(97,'Логистика (дараҷаи пешрафт)',1,'2020-04-27 13:40:37','2020-04-27 13:40:37'),
(98,'Системаҳои оператсионӣ',1,'2020-04-27 13:45:13','2020-04-27 13:45:13'),
(99,'Амсиласозӣ ва ороиши бадеъии либос',1,'2020-04-27 13:49:07','2020-04-27 13:49:07'),
(100,'Амсиласозӣ ва ороиши бадеъии либос(проект)',1,'2020-04-27 13:49:19','2020-04-27 13:49:19'),
(101,'Асосҳои антропология ва биомеханика',1,'2020-04-27 13:49:26','2020-04-27 13:49:26'),
(102,'Геометрияи тасвирӣ ва нақшакашӣ',1,'2020-04-27 13:49:33','2020-04-27 13:49:33'),
(103,'Графики муҳандисӣ ва компютерӣ ',1,'2020-04-27 13:50:01','2020-04-27 13:50:01'),
(104,'Дизайни компютерӣ ва CAD',1,'2020-04-27 13:50:09','2020-04-27 13:50:09'),
(105,'Масолеҳшиносии маҳсулоти дузандагӣ',1,'2020-04-27 13:50:36','2020-04-27 13:50:36'),
(106,'Моделиронӣ ва ороиши бадеии либос',1,'2020-04-27 13:50:50','2020-04-27 13:50:50'),
(107,'Тарҳрезӣ ва технологияи либоси бачагона',1,'2020-04-27 13:51:02','2020-04-27 13:51:02'),
(108,'Тарҳрезии либос',1,'2020-04-27 13:51:15','2020-04-27 13:51:15'),
(109,'Тарҳрезии маҳсулоти дӯзандагӣ аз маводҳои гуногун',1,'2020-04-27 13:51:29','2020-04-27 13:51:29'),
(110,'Таърихи либос ва мӯд',1,'2020-04-27 13:51:40','2020-04-27 13:51:40'),
(111,'Технологияи маҳсулоти дузандагӣ',1,'2020-04-27 13:51:53','2020-04-27 13:51:53'),
(112,'Ҳамбастагии сару либос',1,'2020-04-27 13:52:06','2020-04-27 13:52:06'),
(113,'Асосҳои шаклсозӣ ва макетсозии либос',1,'2020-04-27 13:52:11','2020-04-27 13:52:11'),
(114,'Амалияи масолеҳшиносии нассоҷӣ',1,'2020-04-30 11:13:01','2020-04-30 11:13:01'),
(115,'Графикаи муҳандисӣ ва компютерӣ',1,'2020-04-30 11:13:39','2020-04-30 11:13:39'),
(116,'Aсосҳои геодезия ва ободонӣ',1,'2020-04-30 11:23:24','2020-04-30 11:23:24'),
(117,'Анъанаҳои шаҳрсозии миллӣ',1,'2020-04-30 11:23:37','2020-04-30 11:23:37'),
(118,'Асосҳои лоиҳакашии меъморӣ',1,'2020-04-30 11:23:47','2020-04-30 11:23:47'),
(119,'Конструксияҳои меъморию сохтмонӣ',1,'2020-04-30 11:24:00','2020-04-30 11:24:00'),
(120,'Таърихи санъати меъморӣ',1,'2020-04-30 11:24:15','2020-04-30 11:24:15'),
(121,'Асосҳои истифодабарии техникаи автомобилҳо',1,'2020-04-30 11:30:31','2020-04-30 11:30:31'),
(122,'Асосҳои лоиҳакашӣ ва истифодабарии таҷҳизоти технологӣ',1,'2020-04-30 11:30:49','2020-04-30 11:30:49'),
(123,'Асосҳои механика ва муқовимати масолеҳҳо',1,'2020-04-30 11:31:02','2020-04-30 11:31:02'),
(124,'Бехатарии воситаҳои нақлиётӣ',1,'2020-04-30 11:31:15','2020-04-30 11:31:15'),
(125,'Диагностика ва нигоҳубини техникии муҳаррикҳои автомобил',1,'2020-04-30 11:31:27','2020-04-30 11:31:27'),
(126,'Диагностика ва нигоҳубини техникии таҷҳизоти барқии автомобилҳо',1,'2020-04-30 11:31:38','2020-04-30 11:31:38'),
(127,'Диагностика ва нигоҳубини техникии трансмиссия ва қисми гашт',1,'2020-04-30 11:31:49','2020-04-30 11:31:49'),
(128,'Диагностикаи системаи идоракунии электронии муҳаррик',1,'2020-04-30 11:31:58','2020-04-30 11:31:58'),
(129,'Иқтисодиёти муассисаҳои хизматрасонии автомобилӣ',1,'2020-04-30 11:32:09','2020-04-30 11:32:09'),
(130,'Истифодабарии техникии автомобилҳо',1,'2020-04-30 11:32:17','2020-04-30 11:32:17'),
(131,'Қоидаи ҳаракати роҳ',1,'2020-04-30 11:32:32','2020-04-30 11:32:32'),
(132,'Қоидаҳои ҳаракат дар роҳ',1,'2020-04-30 11:32:42','2020-04-30 11:32:42'),
(133,'Масолеҳҳои дар автомобил истифодашаванда',1,'2020-04-30 11:32:53','2020-04-30 11:32:53'),
(134,'Масолеҳҳои дар автомобил истифодашаванда(проект)',1,'2020-04-30 11:33:04','2020-04-30 11:33:04'),
(135,'Масолеҳшиносӣ',1,'2020-04-30 11:33:13','2020-04-30 11:33:13'),
(136,'Намуд ва истифодабарии таҷҳизоти технологӣ',1,'2020-04-30 11:33:26','2020-04-30 11:33:26'),
(137,'Равандҳои технологии хизматрасонии техникӣ ва ташхиси воситаҳои нақлиёти автомобилӣ',1,'2020-04-30 11:33:38','2020-04-30 11:33:38'),
(138,'Сохти автомобил',1,'2020-04-30 11:33:50','2020-04-30 11:33:50'),
(139,'Таҳлил, сохт ва элементҳои ҳисобии автомобилҳо',1,'2020-04-30 11:33:59','2020-04-30 11:33:59'),
(140,'Таҳлили конструксия ва ҳисоби элементҳои муҳаррик',1,'2020-04-30 11:34:08','2020-04-30 11:34:08'),
(141,'Таҳлили конструксия ва ҳисоби элементҳои трансмиссия',1,'2020-04-30 11:34:17','2020-04-30 11:34:17'),
(142,'Таҷҳизоти барқии автомобилҳо',1,'2020-04-30 11:34:27','2020-04-30 11:34:27'),
(143,'Ташкил ва бехатарии ҳаракат',1,'2020-04-30 11:34:35','2020-04-30 11:34:35'),
(144,'Экспертизаи садамаи роҳу нақлиётӣ',1,'2020-04-30 11:34:45','2020-04-30 11:34:45'),
(145,'Масолеҳшиносӣ. Технологияҳои маводҳои конструктсионӣ',1,'2020-04-30 13:26:00','2020-04-30 13:26:00'),
(146,'Ҳаракатоварҳои электрикии автоматонидашудаи механизмҳои намунавии истеҳсолот',1,'2020-04-30 13:27:14','2020-04-30 13:27:14'),
(147,'Системаҳои идораи ҳаракатоварҳои электрикӣ',1,'2020-04-30 13:27:49','2020-04-30 13:27:49'),
(148,'Назарияи ҳаракатоварҳои электрикӣ',1,'2020-04-30 13:28:08','2020-04-30 13:28:08'),
(151,'Назарияи идораи автоматӣ',1,'2020-04-30 13:29:17','2020-04-30 13:29:17'),
(152,'Асосҳои микробиологияи маҳсулоти хӯрока',1,'2020-05-01 04:50:59','2020-05-01 04:50:59'),
(153,'Асосҳои назариявии истеҳсоли маҳсулоти хӯрока',1,'2020-05-01 04:51:12','2020-05-01 04:51:12');

/*Table structure for table `subject_type` */

DROP TABLE IF EXISTS `subject_type`;

CREATE TABLE `subject_type` (
  `id` tinyint(4) NOT NULL AUTO_INCREMENT,
  `name` varchar(64) NOT NULL,
  `date_edit` datetime NOT NULL DEFAULT CURRENT_TIMESTAMP,
  `date_add` datetime NOT NULL DEFAULT CURRENT_TIMESTAMP,
  PRIMARY KEY (`id`)
) ENGINE=InnoDB AUTO_INCREMENT=3 DEFAULT CHARSET=utf8;

/*Data for the table `subject_type` */

insert  into `subject_type`(`id`,`name`,`date_edit`,`date_add`) values 
(1,'хатмӣ','2020-04-24 22:11:38','2020-04-24 22:11:38'),
(2,'элективӣ','2020-04-24 22:11:47','2020-04-24 22:11:47');

/*Table structure for table `type` */

DROP TABLE IF EXISTS `type`;

CREATE TABLE `type` (
  `id` int(11) NOT NULL AUTO_INCREMENT,
  `name` varchar(255) NOT NULL,
  `date_edit` datetime NOT NULL DEFAULT CURRENT_TIMESTAMP,
  `date_add` datetime NOT NULL DEFAULT CURRENT_TIMESTAMP,
  PRIMARY KEY (`id`)
) ENGINE=InnoDB AUTO_INCREMENT=5 DEFAULT CHARSET=utf8;

/*Data for the table `type` */

insert  into `type`(`id`,`name`,`date_edit`,`date_add`) values 
(1,'лексионӣ','2020-04-14 09:13:11','2020-04-14 09:13:11'),
(2,'амалӣ-лабораторӣ','2020-04-14 09:13:25','2020-04-14 09:13:25'),
(3,'супориш','2020-04-14 09:13:35','2020-04-14 09:13:35'),
(4,'семинарӣ','2020-04-14 09:13:37','2020-04-14 09:13:37');

/*Table structure for table `user` */

DROP TABLE IF EXISTS `user`;

CREATE TABLE `user` (
  `id` int(11) NOT NULL AUTO_INCREMENT,
  `name` varchar(32) DEFAULT NULL,
  `login` varchar(16) NOT NULL,
  `password` varchar(128) NOT NULL,
  `access` tinyint(1) NOT NULL DEFAULT '1',
  `role_id` int(11) NOT NULL,
  `date_edit` datetime NOT NULL DEFAULT CURRENT_TIMESTAMP,
  `date_add` datetime NOT NULL DEFAULT CURRENT_TIMESTAMP,
  `image_url` tinytext NOT NULL,
  `kafedra_id` int(11) DEFAULT '0',
  PRIMARY KEY (`id`),
  KEY `role_id` (`role_id`),
  KEY `kafedra_id` (`kafedra_id`),
  CONSTRAINT `user_ibfk_1` FOREIGN KEY (`role_id`) REFERENCES `role` (`id`),
  CONSTRAINT `user_ibfk_2` FOREIGN KEY (`kafedra_id`) REFERENCES `kafedra` (`id`)
) ENGINE=InnoDB AUTO_INCREMENT=15 DEFAULT CHARSET=utf8;

/*Data for the table `user` */

insert  into `user`(`id`,`name`,`login`,`password`,`access`,`role_id`,`date_edit`,`date_add`,`image_url`,`kafedra_id`) values 
(2,'Razokov Abduhamid','admin1','fbb69ec840903ebcdc8f4b3023fd63ec17aba13bd0ca4950ac3ab7861be09a19',1,1,'2020-04-16 02:18:34','2020-04-16 02:18:34','1A6A8114.png',2),
(3,'Akbarov Jahongir Murotovich','admin','a4bf08e913584ca8e48324592fbfeae1c79f58fd63e4ee30afc20431d7c75b27',1,3,'2020-04-16 02:19:27','2020-04-16 02:19:27','photo_2024-01-20_14-54-23.jpg',NULL),
(4,'Мудир','12345','fbb69ec840903ebcdc8f4b3023fd63ec17aba13bd0ca4950ac3ab7861be09a19',1,2,'2024-02-24 13:37:36','2020-04-16 02:20:19','photo_2024-02-23_15-00-291.jpg',2),
(14,'Отдел науки','12345','a4bf08e913584ca8e48324592fbfeae1c79f58fd63e4ee30afc20431d7c75b27',1,4,'2024-02-22 13:56:44','2024-02-22 13:56:44','1A6A8114.JPG',NULL);

/*!40101 SET SQL_MODE=@OLD_SQL_MODE */;
/*!40014 SET FOREIGN_KEY_CHECKS=@OLD_FOREIGN_KEY_CHECKS */;
/*!40014 SET UNIQUE_CHECKS=@OLD_UNIQUE_CHECKS */;
/*!40111 SET SQL_NOTES=@OLD_SQL_NOTES */;
