-- phpMyAdmin SQL Dump
-- version 4.9.7
-- https://www.phpmyadmin.net/
--
-- Хост: localhost
-- Время создания: Июн 10 2024 г., 07:36
-- Версия сервера: 5.7.21-20-beget-5.7.21-20-1-log
-- Версия PHP: 5.6.40

SET SQL_MODE = "NO_AUTO_VALUE_ON_ZERO";
SET AUTOCOMMIT = 0;
START TRANSACTION;
SET time_zone = "+00:00";


/*!40101 SET @OLD_CHARACTER_SET_CLIENT=@@CHARACTER_SET_CLIENT */;
/*!40101 SET @OLD_CHARACTER_SET_RESULTS=@@CHARACTER_SET_RESULTS */;
/*!40101 SET @OLD_COLLATION_CONNECTION=@@COLLATION_CONNECTION */;
/*!40101 SET NAMES utf8mb4 */;

--
-- База данных: `razokol7_akbaror`
--

-- --------------------------------------------------------

--
-- Структура таблицы `author`
--
-- Создание: Июн 06 2024 г., 05:58
-- Последнее обновление: Июн 06 2024 г., 05:58
--

DROP TABLE IF EXISTS `author`;
CREATE TABLE `author` (
  `id` int(11) NOT NULL,
  `name` varchar(100) NOT NULL,
  `degree` varchar(255) DEFAULT NULL COMMENT 'учёная степень',
  `user_id` int(11) DEFAULT NULL,
  `date_edit` datetime NOT NULL DEFAULT CURRENT_TIMESTAMP,
  `date_add` datetime NOT NULL DEFAULT CURRENT_TIMESTAMP,
  `status` tinyint(1) NOT NULL DEFAULT '1'
) ENGINE=InnoDB DEFAULT CHARSET=utf8;

--
-- Дамп данных таблицы `author`
--

INSERT INTO `author` (`id`, `name`, `degree`, `user_id`, `date_edit`, `date_add`, `status`) VALUES
(1, 'Худойбердиев Х.А.', 'н.и.ф.м, дотсент', NULL, '2020-04-17 23:08:00', '2020-04-17 23:08:00', 1),
(2, 'Солиев О.М.', 'н.и.ф.м, декан', NULL, '2020-04-17 23:08:57', '2020-04-17 23:08:57', 1),
(4, 'Қосимов А.А.', 'омӯзгори калон', NULL, '2020-04-17 23:17:41', '2020-04-17 23:17:41', 1),
(9, 'Бардиева З.С.', '', 4, '2020-04-27 12:18:49', '2020-04-27 10:09:36', 1),
(10, 'Максудов Х.Т.', '', 4, '2020-04-27 10:19:05', '2020-04-27 10:19:05', 1),
(11, 'Ганиев М.Г.', '', 4, '2020-04-27 10:26:05', '2020-04-27 10:26:05', 1),
(13, 'Ашурова Ш. Н.', '', 4, '2020-04-27 10:31:59', '2020-04-27 10:31:59', 1),
(14, 'Фозилова М.М.', '', 3, '2020-04-27 12:52:53', '2020-04-27 10:37:25', 1),
(15, 'Довудов Г. М.', '', 4, '2020-04-27 10:39:39', '2020-04-27 10:39:39', 1),
(16, 'Мухсинзода М.Ё.', '', 4, '2020-04-27 10:54:02', '2020-04-27 10:54:02', 1),
(17, 'Окилова У.И.', '', 4, '2020-04-27 11:02:04', '2020-04-27 11:02:04', 1),
(18, 'Ҷалолов А.А.', '', 4, '2020-04-27 11:03:57', '2020-04-27 11:03:57', 1),
(19, 'Алиҷонов Ҷ.А. ', '', 4, '2020-04-27 11:05:19', '2020-04-27 11:05:19', 1),
(20, 'Акрамова З.Б', '', 4, '2020-04-27 11:05:30', '2020-04-27 11:05:30', 1),
(21, 'Баҳодурова С.А.', '', 4, '2020-04-27 11:05:39', '2020-04-27 11:05:39', 1),
(22, 'Файзуллаева Ш.И.', '', 4, '2020-04-27 11:05:48', '2020-04-27 11:05:48', 1),
(23, 'Ғаниев Т.Б. ', '', 4, '2020-04-27 11:06:20', '2020-04-27 11:06:20', 1),
(24, 'Ҳабибов С.Ҳ.', '', 4, '2020-04-27 11:06:36', '2020-04-27 11:06:36', 1),
(25, 'Низомова Т.Д.', '', 4, '2020-04-27 11:06:48', '2020-04-27 11:06:48', 1),
(26, 'Султонова М.М', '', 4, '2020-04-27 11:07:13', '2020-04-27 11:07:13', 1),
(27, 'Рахими Ш.', '', 4, '2020-04-27 11:07:23', '2020-04-27 11:07:23', 1),
(28, 'Бардиева З.С.', '', 4, '2020-04-27 11:37:25', '2020-04-27 11:37:25', 1),
(29, 'Зульфикарова П.Э.', '', 4, '2020-04-27 11:40:31', '2020-04-27 11:40:31', 1),
(30, 'Розикова С.Р.', '', 4, '2020-04-27 11:43:25', '2020-04-27 11:43:25', 1),
(31, 'Иномов Б.Б.', '', 4, '2020-04-27 11:53:25', '2020-04-27 11:53:25', 1),
(32, 'Назаров А.А. ', '', 4, '2020-04-27 12:10:04', '2020-04-27 12:10:04', 1),
(33, 'Қаюмова Д.Д.', '', 4, '2020-04-27 12:11:37', '2020-04-27 12:11:37', 1),
(34, 'Абдуганиев С.А.', '', 3, '2024-05-07 17:06:40', '2020-04-27 12:13:23', 1),
(35, 'Ӯрунов А.Р', '', 4, '2020-04-27 12:13:30', '2020-04-27 12:13:30', 1),
(36, 'Усмонова М.Р', '', 4, '2020-04-27 12:13:38', '2020-04-27 12:13:38', 1),
(37, 'Максудов П.Б.', '', 4, '2020-04-27 12:28:11', '2020-04-27 12:28:11', 1),
(38, 'Одилов З.Р.', '', 4, '2020-04-27 12:28:17', '2020-04-27 12:28:17', 1),
(39, 'Муратова Н.Р', '', 4, '2020-04-27 12:28:40', '2020-04-27 12:28:40', 1),
(40, 'Бобоева Т.Р.', '', 4, '2020-04-27 12:50:39', '2020-04-27 12:50:39', 1),
(41, 'Саид Н.С.', '', 4, '2020-04-27 12:57:22', '2020-04-27 12:57:22', 1),
(42, 'Темирова Х.И.', '', 4, '2020-04-27 12:57:29', '2020-04-27 12:57:29', 1),
(43, 'Раҳматова М.М.', '', 4, '2020-04-27 12:59:28', '2020-04-27 12:59:28', 1),
(44, 'Нозирова М.А.', '', 4, '2020-04-27 12:59:47', '2020-04-27 12:59:47', 1),
(45, 'Файзиева Ш.М.', '', 4, '2020-04-27 13:00:08', '2020-04-27 13:00:08', 1),
(46, 'Яхшибоев М.', '', 4, '2020-04-27 13:00:24', '2020-04-27 13:00:24', 1),
(47, 'Темирхоҷаев А.Ӯ.', '', 4, '2020-04-27 13:00:45', '2020-04-27 13:00:45', 1),
(48, 'Зокиров А.Л.', '', 4, '2020-04-27 13:00:59', '2020-04-27 13:00:59', 1),
(49, 'Дӯстматова Н.М.', '', 4, '2020-04-27 13:01:06', '2020-04-27 13:01:06', 1),
(50, 'Ғозиева М.С.', '', 4, '2020-04-27 13:01:14', '2020-04-27 13:01:14', 1),
(51, 'Норов И.С.', '', 4, '2020-04-27 13:01:29', '2020-04-27 13:01:29', 1),
(52, 'Дӯстматова Н.М.', '', 4, '2020-04-27 13:15:39', '2020-04-27 13:15:39', 1),
(53, 'Норов И.С.', '', 4, '2020-04-27 13:24:35', '2020-04-27 13:24:35', 1),
(54, 'Тошбоева Р.Г.', '', 4, '2020-04-27 13:31:57', '2020-04-27 13:31:57', 1),
(55, 'Окилова М.', '', 4, '2020-04-27 13:32:22', '2020-04-27 13:32:22', 1),
(56, 'Бобочонова Н.И.', '', 4, '2020-04-27 13:52:57', '2020-04-27 13:52:57', 1),
(57, 'Умарова З.М.', '', 4, '2020-04-27 13:53:04', '2020-04-27 13:53:04', 1),
(58, 'Дадобоева Н.А.', '', 4, '2020-04-27 13:53:35', '2020-04-27 13:53:35', 1),
(59, 'Маҳмудова Ф.М.', '', 4, '2020-04-27 13:53:42', '2020-04-27 13:53:42', 1),
(60, 'Мирхолиқов Х.Т.', '', 4, '2020-04-27 13:54:00', '2020-04-27 13:54:00', 1),
(61, 'Сангинова Д.А.', '', 4, '2020-04-27 13:54:15', '2020-04-27 13:54:15', 1),
(62, 'Маҳмудова Ф.М.', '', 4, '2020-04-27 13:54:34', '2020-04-27 13:54:34', 1),
(63, 'Бобоева З.У', '', 4, '2020-04-27 13:54:53', '2020-04-27 13:54:53', 1),
(64, 'Бобоходжаев Р.И.', '', 4, '2020-04-30 11:20:18', '2020-04-30 11:20:18', 1),
(65, 'Раҳматов М.Р.', '', 4, '2020-04-30 11:22:23', '2020-04-30 11:22:23', 1),
(66, 'Зокиров Р.Ш.', '', 4, '2020-04-30 11:22:30', '2020-04-30 11:22:30', 1),
(67, 'Мансуров Ш.Р.', '', 4, '2020-04-30 11:35:28', '2020-04-30 11:35:28', 1),
(68, 'Рахматов А.', '', 4, '2020-04-30 11:36:11', '2020-04-30 11:36:11', 1),
(69, 'Холиков М.М.', '', 4, '2020-04-30 11:36:33', '2020-04-30 11:36:33', 1),
(70, 'Акрамов А.', '', 4, '2020-04-30 11:37:04', '2020-04-30 11:37:04', 1),
(71, 'Башиков И.Т.', '', 4, '2020-04-30 11:37:19', '2020-04-30 11:37:19', 1),
(72, 'Алиев Ш.А', '', 4, '2020-04-30 11:38:38', '2020-04-30 11:38:38', 1),
(73, 'Абдукаримов А.А.', '', 4, '2020-04-30 11:38:59', '2020-04-30 11:38:59', 1),
(74, 'Алиев Ш.С.', '', 4, '2020-04-30 11:39:13', '2020-04-30 11:39:13', 1),
(75, 'Тоҳиров Т.И.', '', 4, '2020-04-30 11:39:26', '2020-04-30 11:39:26', 1),
(76, 'Неъматуллоев А.А', '', 4, '2020-04-30 11:39:46', '2020-04-30 11:39:46', 1),
(77, 'Башиков И.Т.', '', 4, '2020-04-30 11:50:21', '2020-04-30 11:50:21', 1),
(78, 'Тошхӯҷаева М.И.', '', 4, '2020-04-30 13:22:48', '2020-04-30 13:22:48', 1),
(79, 'Раҳимов О.С.', '', 4, '2020-04-30 13:23:17', '2020-04-30 13:23:17', 1),
(80, 'Акилов А.А.', '', 4, '2020-04-30 13:23:30', '2020-04-30 13:23:30', 1),
(81, 'Дадобоев Ш.Т.', '', 4, '2020-04-30 13:23:40', '2020-04-30 13:23:40', 1),
(82, 'Каримов И.Р.', '', 4, '2020-04-30 13:23:47', '2020-04-30 13:23:47', 1),
(90, 'Ғафоров Акмалҷон Аскарович', NULL, NULL, '2024-04-17 18:43:00', '2024-04-17 18:43:00', 1),
(91, 'Ашӯров Сайёд Абдукаюмович', NULL, NULL, '2024-04-17 18:43:00', '2024-04-17 18:43:00', 1),
(92, 'Башиков Зуфар Иномович', NULL, NULL, '2024-04-17 18:43:00', '2024-04-17 18:43:00', 1),
(93, 'Башиков Ином Турсонович', NULL, NULL, '2024-04-17 18:43:00', '2024-04-17 18:43:00', 1),
(94, 'Раҳимов Амон Акбарович', NULL, NULL, '2024-04-17 18:43:00', '2024-04-17 18:43:00', 1),
(95, 'Тошхӯҷаев Насимҷон Азимович', NULL, NULL, '2024-04-17 18:43:00', '2024-04-17 18:43:00', 1),
(96, 'Бобоҷонова Нилуфархон Одилхоҷаевна', NULL, NULL, '2024-04-17 18:43:00', '2024-04-17 18:43:00', 1),
(97, 'Исмоилова Савринисо Комилҷоновна', NULL, NULL, '2024-04-17 18:43:00', '2024-04-17 18:43:00', 1),
(98, 'Набиева Дилрабо Ғайбуллоевна', NULL, NULL, '2024-04-17 18:43:00', '2024-04-17 18:43:00', 1),
(99, 'Одилов Зухриддин Раҳимҷонович', NULL, NULL, '2024-04-17 18:43:00', '2024-04-17 18:43:00', 1),
(100, 'Ғуломнабиев Сардор Ғуломайдарович', NULL, NULL, '2024-04-17 18:43:00', '2024-04-17 18:43:00', 1),
(101, 'Усмонова Маҳина Рустамовна', NULL, NULL, '2024-04-17 18:43:00', '2024-04-17 18:43:00', 1),
(102, 'Турсунова М.', '', 3, '2024-05-18 15:07:44', '2024-05-18 15:07:44', 1),
(103, 'Муминова Ш.Н', '', 26, '2024-05-22 13:56:01', '2024-05-22 13:56:01', 1),
(104, 'Комилова Д. А', '', 26, '2024-05-22 14:02:31', '2024-05-22 14:02:31', 1),
(105, 'Рашидов Н.Ҷ', '', 26, '2024-05-22 14:03:57', '2024-05-22 14:03:57', 1),
(106, 'Мирхоликова Д.С.', '', 26, '2024-05-22 14:08:28', '2024-05-22 14:08:28', 1),
(107, 'Хасанов Ш.Р.', '', 26, '2024-05-22 14:08:46', '2024-05-22 14:08:46', 1),
(108, 'Грачева Е.И', '', 26, '2024-05-22 14:09:06', '2024-05-22 14:09:06', 1),
(109, 'Бобоев Музаффар Мухиддинович', '', 26, '2024-05-22 14:28:53', '2024-05-22 14:28:53', 1),
(110, 'Левандовский Богдан Игоревич', '', 26, '2024-05-22 14:39:01', '2024-05-22 14:39:01', 1),
(111, 'Низомиддинов Ахлиддин Илёситдинович ', '', 26, '2024-05-22 20:12:47', '2024-05-22 20:12:47', 1),
(112, 'Шокирова Ибодат Абдусамадовна', '', 26, '2024-05-22 20:15:36', '2024-05-22 20:15:36', 1),
(113, 'Максудов У.О.', '', 26, '2024-05-22 20:20:41', '2024-05-22 20:20:41', 1),
(114, 'Рахмонов Зафар Абдумаликович', '', 26, '2024-05-22 20:24:55', '2024-05-22 20:24:55', 1),
(115, 'Фарзонаи Эрач', '', 26, '2024-05-22 20:30:40', '2024-05-22 20:30:40', 1),
(116, 'Исомаддинова Р.М.', '', 26, '2024-05-22 20:44:18', '2024-05-22 20:44:18', 1),
(117, 'Саиди Д.Р.', '', 26, '2024-05-22 20:49:45', '2024-05-22 20:49:45', 1),
(118, 'Солиев П.А.', '', 26, '2024-05-22 20:50:37', '2024-05-22 20:50:37', 1),
(119, 'Солиев Зоир Тоирович', '', 26, '2024-05-22 21:02:41', '2024-05-22 21:02:41', 1),
(120, ' Хусаинова Фируза Ҳаитбоевна', '', 26, '2024-05-22 21:04:43', '2024-05-22 21:04:43', 1),
(121, 'Ҳамидова Наргис Шарифҷоновна', '', 26, '2024-05-22 21:06:34', '2024-05-22 21:06:34', 1),
(122, 'Абдуллоева Хабиба Рузибоевна', '', 26, '2024-05-22 21:08:04', '2024-05-22 21:08:04', 1),
(123, 'Авезова Махбуба Мухамедовна', '', 26, '2024-05-22 21:11:41', '2024-05-22 21:11:41', 1),
(124, 'Аминҷонова Муҳиба Муҳаммаднасимовна', '', 26, '2024-05-22 21:13:51', '2024-05-22 21:13:51', 1),
(125, 'Дмитриева Диана Владимировна', '', 26, '2024-05-22 21:15:36', '2024-05-22 21:15:36', 1),
(126, 'Касимова Малика Хомидхучаевна', '', 26, '2024-05-22 21:17:20', '2024-05-22 21:17:20', 1),
(127, 'Мазбудов Субҳон Сӯҳробович', '', 26, '2024-05-22 21:25:33', '2024-05-22 21:25:33', 1),
(128, 'Саидхӯҷаева Дилафрӯз Муталибовна', '', 26, '2024-05-22 21:28:33', '2024-05-22 21:28:33', 1),
(129, 'Турсунова Шоирахон Турсунбоевна', '', 26, '2024-05-22 21:32:50', '2024-05-22 21:32:50', 1),
(130, 'Шокирова Шаҳлохон Аъзамовна', '', 26, '2024-05-22 21:35:01', '2024-05-22 21:35:01', 1),
(131, 'Юсупова Махбуба Зафаровна', '', 26, '2024-05-22 21:36:32', '2024-05-22 21:36:32', 1),
(132, ' Ҷӯраева Дилфуза Муродҷоновна ', '', 26, '2024-05-22 22:03:36', '2024-05-22 22:03:36', 1),
(133, 'Азимов Наби Саидович', '', 26, '2024-05-22 22:06:11', '2024-05-22 22:06:11', 1),
(134, 'Мохираи Раҳмон', '', 26, '2024-05-22 22:09:44', '2024-05-22 22:09:44', 1),
(135, 'Раҳматуллоева Марҳабо Махмудовна', '', 26, '2024-05-22 22:16:33', '2024-05-22 22:16:33', 1),
(136, 'Ҳаитова Ўғулой', '', 26, '2024-05-22 22:21:02', '2024-05-22 22:21:02', 1),
(137, 'Хакимов Азамҷон Акрамҷонович', '', 26, '2024-05-22 22:24:32', '2024-05-22 22:24:32', 1),
(138, 'Мирзоева Муяссар Абдуҳамидовна', '', 26, '2024-05-22 22:27:41', '2024-05-22 22:27:41', 1),
(139, 'Авезов А.Х.', '', 26, '2024-05-25 19:58:27', '2024-05-25 19:58:27', 1),
(140, 'Қосимова М.А', '', 26, '2024-05-25 20:07:16', '2024-05-25 20:07:16', 1),
(141, 'Исоев Д.Т.', '', 26, '2024-05-25 20:08:47', '2024-05-25 20:08:47', 1),
(142, 'Муҳаммадов Ф.Р.', '', 26, '2024-05-25 20:10:44', '2024-05-25 20:10:44', 1),
(143, 'Комилова М.А', '', 26, '2024-05-25 20:12:56', '2024-05-25 20:12:56', 1),
(144, 'Ҳаитова Н.Н', '', 26, '2024-05-25 20:14:03', '2024-05-25 20:14:03', 1),
(145, 'Бобоева М.', '', 26, '2024-05-25 20:15:25', '2024-05-25 20:15:25', 1),
(146, 'Ахмедов У.Х', '', 26, '2024-05-25 20:17:04', '2024-05-25 20:17:04', 1),
(147, 'Ҳомидов И.', '', 26, '2024-05-25 20:18:37', '2024-05-25 20:18:37', 1),
(148, 'Ахмедова М.М', '', 26, '2024-05-25 20:20:11', '2024-05-25 20:20:11', 1),
(149, 'Ахмедова Н.К', '', 26, '2024-05-25 20:38:41', '2024-05-25 20:38:41', 1),
(150, 'Акбаров А.А.', '', 26, '2024-05-25 20:40:20', '2024-05-25 20:40:20', 1),
(151, 'Розиқов Б.А.', '', 26, '2024-05-25 20:45:37', '2024-05-25 20:45:37', 1);

-- --------------------------------------------------------

--
-- Структура таблицы `faculty`
--
-- Создание: Июн 06 2024 г., 05:58
-- Последнее обновление: Июн 06 2024 г., 05:58
--

DROP TABLE IF EXISTS `faculty`;
CREATE TABLE `faculty` (
  `id` int(11) NOT NULL,
  `name` varchar(50) NOT NULL,
  `date_add` datetime NOT NULL DEFAULT CURRENT_TIMESTAMP,
  `date_edit` datetime DEFAULT NULL
) ENGINE=InnoDB DEFAULT CHARSET=utf8 ROW_FORMAT=COMPACT;

--
-- Дамп данных таблицы `faculty`
--

INSERT INTO `faculty` (`id`, `name`, `date_add`, `date_edit`) VALUES
(1, 'Информатика и энергетика', '2024-02-17 15:08:57', '2024-04-23 14:09:33'),
(2, 'Сохтмон ва нақлиёт', '2024-03-08 16:06:03', '2024-03-28 11:20:16'),
(3, 'Муҳандисӣ - технологӣ', '2024-03-12 17:35:48', '2024-03-20 10:15:22'),
(5, 'Муҳандисӣ - иқтисодӣ', '2024-03-20 10:02:56', '2024-05-07 09:52:21'),
(6, 'Барои илова', '2024-05-18 14:55:06', NULL);

-- --------------------------------------------------------

--
-- Структура таблицы `kafedra`
--
-- Создание: Июн 06 2024 г., 05:58
-- Последнее обновление: Июн 06 2024 г., 05:58
--

DROP TABLE IF EXISTS `kafedra`;
CREATE TABLE `kafedra` (
  `id` int(11) NOT NULL,
  `name` varchar(50) COLLATE utf8mb4_unicode_ci NOT NULL,
  `faculty_id` int(11) NOT NULL,
  `date_add` datetime NOT NULL DEFAULT CURRENT_TIMESTAMP,
  `date_edit` date DEFAULT NULL
) ENGINE=InnoDB DEFAULT CHARSET=utf8mb4 COLLATE=utf8mb4_unicode_ci;

--
-- Дамп данных таблицы `kafedra`
--

INSERT INTO `kafedra` (`id`, `name`, `faculty_id`, `date_add`, `date_edit`) VALUES
(2, 'Кафедра программирование и информационных систем', 1, '2024-02-17 15:11:11', '2024-04-23'),
(7, 'Кафедра электроснабжении и автоматики', 1, '2024-05-07 07:28:09', NULL),
(8, 'Кафедра инженерной экономики и менеджмента\n', 1, '2024-05-07 07:29:13', NULL),
(9, 'Кафедра физики и химии', 1, '2024-05-07 07:29:49', NULL),
(10, 'Кафедра строительства', 2, '2024-05-07 07:31:42', NULL),
(12, 'Кафедра государственного языка и обществоведения', 2, '2024-05-07 07:36:15', NULL),
(13, 'Кафедра финансов и кредит', 5, '2024-05-07 07:38:35', NULL),
(14, 'Кафедра высшей математики и информатики', 5, '2024-05-07 07:39:03', NULL),
(15, 'Кафедра дизайна и архитектуры', 3, '2024-05-07 07:39:21', NULL),
(16, 'Кафедра пищевых продуктов и агротехнологии', 3, '2024-05-07 07:39:36', NULL),
(17, 'Кафедра языков', 3, '2024-05-07 07:39:50', NULL),
(18, 'Кафедра технологий пищевых продуктов', 3, '2024-05-07 07:40:06', NULL),
(19, 'Кафедра автомобили и управление на транспорт', 2, '2024-05-07 07:42:55', '2024-05-07'),
(20, 'Барои илова кардан', 6, '2024-05-18 14:54:50', '2024-05-18');

-- --------------------------------------------------------

--
-- Структура таблицы `language`
--
-- Создание: Июн 06 2024 г., 05:58
-- Последнее обновление: Июн 06 2024 г., 05:58
--

DROP TABLE IF EXISTS `language`;
CREATE TABLE `language` (
  `id` int(4) NOT NULL,
  `code` varchar(4) NOT NULL,
  `name` varchar(32) NOT NULL,
  `date_edit` datetime NOT NULL DEFAULT CURRENT_TIMESTAMP,
  `date_add` datetime NOT NULL DEFAULT CURRENT_TIMESTAMP
) ENGINE=InnoDB DEFAULT CHARSET=utf8;

--
-- Дамп данных таблицы `language`
--

INSERT INTO `language` (`id`, `code`, `name`, `date_edit`, `date_add`) VALUES
(1, 'tj', 'тоҷикӣ', '2020-04-14 09:14:16', '2020-04-14 09:14:16'),
(2, 'ru', 'русский', '2020-04-14 09:14:41', '2020-04-14 09:14:41'),
(3, 'en', 'english', '2020-04-14 09:14:53', '2020-04-14 09:14:53');

-- --------------------------------------------------------

--
-- Структура таблицы `material`
--
-- Создание: Июн 08 2024 г., 14:00
-- Последнее обновление: Июн 08 2024 г., 14:08
--

DROP TABLE IF EXISTS `material`;
CREATE TABLE `material` (
  `id` int(11) NOT NULL,
  `name` varchar(255) NOT NULL,
  `type_id` int(11) NOT NULL,
  `language_id` int(4) NOT NULL,
  `date_publish` date DEFAULT NULL,
  `pub_place_id` int(11) DEFAULT NULL,
  `count` int(11) DEFAULT NULL,
  `user_id` int(11) DEFAULT NULL,
  `date_edit` datetime NOT NULL,
  `date_add` datetime NOT NULL DEFAULT CURRENT_TIMESTAMP,
  `file_path` varchar(512) NOT NULL,
  `status` int(11) NOT NULL DEFAULT '1',
  `kafedra_id` int(11) NOT NULL,
  `comment` varchar(1000) DEFAULT NULL,
  `user_k` int(11) DEFAULT NULL,
  `user_d` int(11) DEFAULT NULL,
  `conference_name` varchar(1000) DEFAULT NULL,
  `name_jurnal` varchar(1000) DEFAULT NULL,
  `url` varchar(256) NOT NULL,
  `material_direction_id` int(11) NOT NULL,
  `material_direction_dictionary_id` int(11) DEFAULT NULL
) ENGINE=InnoDB DEFAULT CHARSET=utf8;

--
-- Дамп данных таблицы `material`
--

INSERT INTO `material` (`id`, `name`, `type_id`, `language_id`, `date_publish`, `pub_place_id`, `count`, `user_id`, `date_edit`, `date_add`, `file_path`, `status`, `kafedra_id`, `comment`, `user_k`, `user_d`, `conference_name`, `name_jurnal`, `url`, `material_direction_id`, `material_direction_dictionary_id`) VALUES
(1, '\"Методика использование матиматического пакета МAPLE 17 при изучении темы \"\"Производная и её применение\"\" в купсе высшей математики для студентов технического ВУЗа // Известия Тульского Государственного Университета, Технические науки, выпуск 11, 2020\"', 9, 2, '2020-11-01', 1, 1, 3, '2024-05-11 08:28:10', '2024-05-11 08:28:10', 'PDF.pdf', 2, 14, NULL, NULL, NULL, 'Конфронс', 'Методика использование матиматического пакета МAPLE 17', 'https://polytech.tj/ru/', 10, 0),
(2, 'О РАСПОЗНАВАНИИ АВТОРА ТЕКСТА НА УЗБЕКСКОМ ЯЗЫКЕ С ПОМОЩЬЮ СИМВОЛЬНЫХ УНИГРАММ // Журнал \"ПРОБЛЕМЫ ВЫЧИСЛИТЕЛЬНОЙ И ПРИКЛАДНОЙ МАТЕМАТИКИ No 6(30) 2020', 13, 1, '2024-05-08', 1, 1, 3, '2024-05-17 18:15:54', '2024-05-11 09:19:24', 'PDF.pdf', 2, 2, NULL, NULL, NULL, 'О РАСПОЗНАВАНИИ АВТОРА ТЕКСТА ', 'О РАСПОЗНАВАНИИ АВТОРА ТЕКСТА НА УЗБЕКСКОМ ЯЗЫКЕ С ПОМОЩЬЮ СИМВОЛЬНЫХ УНИГРАММ', 'https://polytech.tj/ru/', 10, 2),
(3, 'w3rw3r', 9, 1, '2024-05-20', 1, 1, 26, '2024-05-20 11:58:37', '2024-05-20 11:58:37', 'PDF.pdf', 0, 20, NULL, NULL, NULL, NULL, NULL, 'sfsefsefsefs', 11, 0),
(4, 'Тестовые данные', 9, 1, '2024-05-20', 1, 1, 26, '2024-05-20 12:00:07', '2024-05-20 12:00:07', 'Документ Microsoft Word.pdf', 0, 20, NULL, NULL, NULL, NULL, NULL, 'https://polytech.tj/ru/', 10, 0),
(5, 'Тестовые данные 1', 12, 1, '2024-05-08', 1, 1, 26, '2024-05-20 12:16:46', '2024-05-20 12:16:46', 'Материал.pdf', 0, 20, NULL, NULL, NULL, NULL, NULL, 'https://polytech.tj', 10, 0),
(6, 'Алгоритмы послогового синтеза таджикской речи. The algorithms of tajik speech synthesis by syllable. Москва-2020', 9, 2, '2020-01-01', 1, 1, 26, '2024-05-22 13:52:38', '2024-05-22 13:52:38', 'Мавод.pdf', 2, 20, NULL, NULL, NULL, NULL, NULL, 'https://polytech.tj/ru/', 10, 1),
(7, '\"The human capital and labor market in digital conditions: peculiarities of interaction and possibilities of its state regulation. Человеческий капитал и рынок труда в эпохе цифровизации: особенности взаимодействия и возможности их государственнного регул', 9, 3, '2019-01-09', 2, 1, 26, '2024-05-22 13:59:39', '2024-05-22 13:59:39', 'Мавод.pdf', 2, 20, NULL, NULL, NULL, NULL, NULL, 'https://polytech.tj/ru/', 14, 0),
(8, 'Evaluation of the chemical composition of soil as well as vine leaves and berries from selected commercial farms in the republic of Tajikistan. Journal of Elementology-2020', 9, 3, '2020-02-01', 1, 1, 26, '2024-05-22 14:05:59', '2024-05-22 14:05:59', 'Мавод.pdf', 2, 20, NULL, NULL, NULL, NULL, NULL, 'https://polytech.tj/ru/', 13, 0),
(9, 'Reliability modeling of high-voltage power lines in a sharply continental climate, E3S Web Conf., 178 (2020) 01051, DOI: https://doi.org/10.1051/e3sconf/202017801051, Indexing: Scopus, European Journal of Electrical Engineering. Vol. 22, No. 1, February, ', 9, 3, '2020-02-01', 1, 1, 26, '2024-05-22 14:13:05', '2024-05-22 14:13:05', 'Мавод.pdf', 2, 20, NULL, NULL, NULL, NULL, NULL, 'https://polytech.tj/ru/', 10, 0),
(10, 'MODELING OF STARTING TRANSITION PROCESSES OF ASYNCHRONOUS MOTORS WITH REDUCED VOLTAGE OF THE SUPPLY NETWORK, INDEXING: SCOPUS, SCIMAGO (SJR), EI COMPENDEX. EBSCOHOST, GOOGLE SCHOLAR, CROSSREF, MICROSOFT ACADEMIC. EUROPEAN JOURNAL OF ELECTRICAL ENGINEERING', 9, 3, '2020-01-02', 1, 1, 26, '2024-05-22 14:19:48', '2024-05-22 14:19:48', 'Мавод.pdf', 2, 20, NULL, NULL, NULL, NULL, 'EUROPEAN JOURNAL OF ELECTRICAL ENGINEERING-2020', 'https://polytech.tj/ru/', 13, 0),
(11, 'Вестник поволжского государственного университета No(59) 2019', 9, 2, '2019-01-01', 1, 1, 26, '2024-05-22 14:25:10', '2024-05-22 14:25:10', 'Мавод.pdf', 2, 20, NULL, NULL, NULL, NULL, NULL, 'https://polytech.tj/ru/', 14, 0),
(12, 'Ашуров С.А. - Холат ва рушди хизматрасонӣ ба автомобилхо дар шахри Хучанд. Кишоваз 1(86)2020 маҷалаи назарияви ва илмию истеҳсолӣ', 9, 1, '2020-01-07', 1, 1, 26, '2024-05-22 14:28:09', '2024-05-22 14:28:09', 'Мавод.pdf', 2, 20, NULL, NULL, NULL, NULL, 'маҷалаи назарияви ва илмию истеҳсолӣ', 'https://polytech.tj/ru/', 14, 0),
(13, 'Тахлили холатикунонии хизматрасонии мусофирон бо наклиети автомобили дар шахри Хучанд, мушкилот ва дурнамоии рушди он. Политехнический вестник. Серия инженерные иследование No2 (46) 2019', 9, 1, '2019-01-01', 1, 1, 26, '2024-05-22 14:31:34', '2024-05-22 14:31:34', 'Мавод.pdf', 2, 20, NULL, NULL, NULL, NULL, NULL, 'https://polytech.tj/ru/', 14, 0),
(14, 'Управление экономической безопасностю автотранспортной системы региона. Научная оброзование; теаория и пратика том 10 No1 2020 стр152-162', 9, 2, '2020-02-01', 1, 1, 26, '2024-05-22 14:33:17', '2024-05-22 14:33:17', 'Мавод.pdf', 2, 20, NULL, NULL, NULL, NULL, NULL, 'https://polytech.tj/ru/', 14, 0),
(15, 'Самтҳои афзалиятноки рушди муассисаҳои автосервисӣ. Политехнический вестник. Серия инженерные иследование No3 (51) 2019', 9, 1, '2019-01-01', 1, 1, 26, '2024-05-22 14:35:10', '2024-05-22 14:35:10', 'Мавод.pdf', 2, 20, NULL, NULL, NULL, NULL, NULL, 'https://polytech.tj/ru/', 14, 0),
(16, 'Сравнительный анализ методов \"дерево решений\" и \"случайный лес\" при определении специальности научных текстов. Политехнический вестник. Серия инженерные иследование No3 (51) 2019, стр23-29', 9, 2, '2019-01-01', 1, 1, 26, '2024-05-22 14:37:06', '2024-05-22 14:37:06', 'Мавод.pdf', 2, 20, NULL, NULL, NULL, NULL, NULL, 'https://polytech.tj/ru/', 10, 0),
(17, 'Основные характеристики мартенситных превращений и эффект памяти формулы сплава Ni49,Fe27,Ga18,Сj6. Доклады академии наук РТ 2019 Том 62 No3-4 стр 181-185', 11, 2, '2019-01-01', 1, 1, 26, '2024-05-22 14:40:32', '2024-05-22 14:40:32', 'Мавод.pdf', 2, 20, NULL, NULL, NULL, NULL, NULL, 'https://polytech.tj/ru/', 10, 0),
(18, 'Автоматический синтез таджиских слова форм имени прелогательного. Полетихнический вестник серия Интелект, Иноватции инвестиции No4, (48) 2019 стр 16-18', 9, 2, '2019-01-01', 1, 1, 26, '2024-05-22 14:44:02', '2024-05-22 14:44:02', 'Мавод.pdf', 2, 20, NULL, NULL, NULL, NULL, NULL, 'https://polytech.tj/ru/', 10, 0),
(19, 'Направления развития современных систем дистанционного обучения. Конфиренцияи Ҷумҳуриявии илмӣ-методии \"Накши технологияҳои информатсионӣ дар баланд бардоштани сифати таълим\", 2019 ДДҲБСТ, стр 270-274', 9, 2, '2019-01-01', 1, 1, 26, '2024-05-22 20:11:53', '2024-05-22 20:11:53', 'Мавод.pdf', 2, 20, NULL, NULL, NULL, 'Конфиренцияи Ҷумҳуриявии илмӣ-методии \"Накши технологияҳои информатсионӣ дар баланд бардоштани сифати таълим\"', NULL, 'https://polytech.tj/ru/', 10, 0),
(20, 'О мерах энтропийной информации в текстах различных языков. Маҷаллаи \"Паёми ДПДТТ ба номи академик М.С. Осимӣ\",2020', 9, 2, '2020-02-01', 1, 1, 26, '2024-05-22 20:14:31', '2024-05-22 20:14:31', 'Мавод.pdf', 2, 20, NULL, NULL, NULL, NULL, 'Маҷаллаи \"Паёми ДПДТТ ба номи академик М.С. Осимӣ\"', 'https://polytech.tj/ru/', 10, 0),
(21, 'Корхои вертуалӣ лабораторӣ-омили асоси ташаккули салоҳиятнокии касбии муҳандисӣ. Международное конференция \"Перспектива развития науки и оброзования ТТУ. Душанбе-2019 ', 9, 1, '2019-01-01', 2, 1, 26, '2024-05-22 20:17:14', '2024-05-22 20:17:14', 'Мавод.pdf', 2, 20, NULL, NULL, NULL, 'Международное конференция \"Перспектива развития науки и оброзования ТТУ', NULL, 'https://polytech.tj/ru/', 10, 0),
(22, 'Литературно художественное значение «Джамхарат ал - Амсал» Абухалила ал - Аскари, Монография  Худжанд: «Андеша» 2019 - 220стр., УДК -  871, ББК 83.3 (0) 5, М - 17', 12, 2, '2019-01-01', 1, 1, 26, '2024-05-22 20:22:39', '2024-05-22 20:22:39', 'Мавод.pdf', 2, 20, NULL, NULL, NULL, NULL, NULL, 'https://polytech.tj/ru/', 14, 0),
(23, '«Ҷамхарату - Л - Амсол»-и Абӯхилол ал скарӣ ва аҳамияти адабиву бадеии он,  Монография Хуҷанд: <<Андеша» 2019 - 230 саҳ., УДК - 8Т1, ББК 83.3 (0) 5, М-45', 12, 1, '2019-01-01', 1, 1, 26, '2024-05-22 20:24:04', '2024-05-22 20:24:04', 'Мавод.pdf', 2, 20, NULL, NULL, NULL, NULL, NULL, 'https://polytech.tj/ru/', 14, 0),
(24, 'Дар бораи таърихи тарчумаи як асари М. Горкий. Барномаи конференсияи иомӣ-амалии омӯзгорон, мухаккикони ҷавон, докторантон, магистрантон ва донишҷӯён,2020', 9, 1, '2020-01-01', 1, 1, 26, '2024-05-22 20:28:06', '2024-05-22 20:28:06', 'Мавод.pdf', 2, 20, NULL, NULL, NULL, ' Конференсияи иомӣ-амалии омӯзгорон, мухаккикони ҷавон, докторантон, магистрантон ва донишҷӯён', NULL, 'https://polytech.tj/ru/', 14, 0),
(25, 'ТАҲЛИЛИ ЛИБОСҲОБО МАҶМЎИ САРДКУНАНДА. Барномаи конференсияи иомӣ-амалии омузгорон, муҳаққиқони ҷавон, докторантон, магистрантон ва донишчуён, 2020', 9, 1, '2020-01-01', 1, 1, 26, '2024-05-22 20:30:04', '2024-05-22 20:30:04', 'Мавод.pdf', 2, 20, NULL, NULL, NULL, 'Конференсияи иомӣ-амалии омузгорон, муҳаққиқони ҷавон, докторантон, магистрантон ва донишчуён', NULL, 'https://polytech.tj/ru/', 14, 0),
(26, 'Сушность и содержание иститутсиональной среды региональной инноватсионной системы. Маҷаллаи \"Паёми ДПДТТ ба номи академик М.С. Осимӣ\", 2020', 9, 2, '2020-02-01', 1, 1, 26, '2024-05-22 20:33:14', '2024-05-22 20:33:14', 'Мавод.pdf', 2, 20, NULL, NULL, NULL, NULL, 'Маҷаллаи \"Паёми ДПДТТ ба номи академик М.С. Осимӣ\"', 'https://polytech.tj/ru/', 14, 0),
(27, 'Применение принципа компактности для приближенного решения интегральных уровнений второго рода, Монография Хучанд -2019, 129сах.', 12, 2, '2019-01-01', 1, 1, 26, '2024-05-22 20:45:57', '2024-05-22 20:45:57', 'Мавод.pdf', 2, 20, NULL, NULL, NULL, NULL, NULL, 'https://polytech.tj/ru/', 14, 0),
(28, 'Технологияи парвариши ангур бо усулхои гуногун дар Точикистон, Монография, Душанбе: Ирфон, 2019.-119с.', 12, 1, '2019-01-01', 2, 1, 26, '2024-05-22 20:47:29', '2024-05-22 20:47:29', 'Мавод.pdf', 2, 20, NULL, NULL, NULL, NULL, NULL, 'https://polytech.tj/ru/', 13, 0),
(29, 'Влияние схемы посадки, формировки на рост и плодоносность виноградного растения, Монография. Душанбе: Ирфон, 2019.-164саҳ.', 12, 2, '2019-01-01', 2, 1, 26, '2024-05-22 20:48:31', '2024-05-22 20:48:31', 'Мавод.pdf', 2, 20, NULL, NULL, NULL, NULL, NULL, 'https://polytech.tj/ru/', 13, 0),
(30, 'ECAMPUS: Web-сервиси СИИ МТОК «Ҳисоб ва таксимоти сарбории омӯзгорон»', 9, 1, '2020-02-01', 1, 1, 26, '2024-05-22 20:51:52', '2024-05-22 20:51:52', 'Мавод.pdf', 2, 20, NULL, NULL, NULL, NULL, NULL, 'https://polytech.tj/ru/', 10, 0),
(31, 'ECAMPUS: Web-сервиси СИИ МТОК «Назорати иҷрои сарбории омӯзгорон⟫ ', 9, 1, '2020-02-01', 1, 1, 26, '2024-05-22 20:53:40', '2024-05-22 20:53:40', 'Мавод.pdf', 2, 20, NULL, NULL, NULL, NULL, NULL, 'https://polytech.tj/ru/', 10, 0),
(32, 'Истифодаи адабиёти асил - кафолати савод ва тарбия. Барномаи конференсияи номӣ-амалии омузгорон, муҳаққиқони ҷавон, докторантон, магистрантон ва донишчуён, 2020', 9, 1, '2020-02-01', 1, 1, 26, '2024-05-22 20:56:25', '2024-05-22 20:56:25', 'Мавод.pdf', 2, 20, NULL, NULL, NULL, 'Конференсияи номӣ-амалии омузгорон, муҳаққиқони ҷавон, докторантон, магистрантон ва донишчуён', NULL, 'https://polytech.tj/ru/', 14, 0),
(33, 'ECAMPUS: Web-сервиси СИИ МТОК «Лавҳаи эълонхо»', 9, 1, '2020-01-02', 1, 1, 26, '2024-05-22 20:59:46', '2024-05-22 20:59:46', 'Мавод.pdf', 2, 20, NULL, NULL, NULL, NULL, NULL, 'https://polytech.tj/ru/', 10, 0),
(34, 'K вопросу о непрерывном образовании. ДПДТТ ба номи ак М Осимӣ ш Хуҷанд, 2019 стр 253-256', 9, 2, '2019-01-01', 1, 1, 26, '2024-05-22 21:04:08', '2024-05-22 21:04:08', 'Мавод.pdf', 2, 20, NULL, NULL, NULL, NULL, NULL, 'https://polytech.tj/ru/', 14, 0),
(35, 'Виды контроля на уроках иностранных языков в технических ВУЗах. ДПДТТ ба номи ак М Осимӣ ш Хуҷанд,2019', 9, 2, '2019-01-01', 1, 1, 26, '2024-05-22 21:05:58', '2024-05-22 21:05:58', 'Мавод.pdf', 2, 20, NULL, NULL, NULL, NULL, NULL, 'https://polytech.tj/ru/', 14, 0),
(36, 'Найистони маърифат. Язык-средсво человеческого общения. Душанбе-2020', 9, 2, '2020-01-01', 2, 1, 26, '2024-05-22 21:07:31', '2024-05-22 21:07:31', 'Мавод.pdf', 2, 20, NULL, NULL, NULL, NULL, NULL, 'https://polytech.tj/ru/', 14, 0),
(37, 'Теория и практика современной науки. Формирование регионального текстильно-швейного кластера. Выпуск No5(59) (МАЙ, 2020).', 9, 2, '2020-01-01', 1, 1, 26, '2024-05-22 21:09:27', '2024-05-22 21:09:27', 'Мавод.pdf', 2, 20, NULL, NULL, NULL, NULL, NULL, 'https://polytech.tj/ru/', 14, 0),
(38, 'Методологические аспекты оценки эффективности формирования региональных промышленных кластеров. Паёми ДПДТТХ ба номаи академик М.С.Осими', 9, 2, '2020-02-01', 1, 1, 26, '2024-05-22 21:11:01', '2024-05-22 21:11:01', 'Мавод.pdf', 2, 20, NULL, NULL, NULL, NULL, NULL, 'https://polytech.tj/ru/', 10, 0),
(39, 'Алгоритм формирования стратегии развития предприятий на региональном рынке. Паёми ДПДТТХ ба номаи академик М.С.Осими', 9, 2, '2020-01-01', 1, 1, 26, '2024-05-22 21:12:32', '2024-05-22 21:12:32', 'Мавод.pdf', 2, 20, NULL, NULL, NULL, NULL, NULL, 'https://polytech.tj/ru/', 10, 0),
(40, 'Институциональные аспекты повышения инвестиционной привлекательности Согдийской области Республики Таджикистан. Паёми ДПДТТХ ба номаи академик М.С.Осими', 9, 2, '2020-01-02', 1, 1, 26, '2024-05-22 21:15:07', '2024-05-22 21:15:07', 'Мавод.pdf', 2, 20, NULL, NULL, NULL, NULL, NULL, 'https://polytech.tj/ru/', 10, 0),
(41, ' Оценка эффективности маркетинговой деятельности на основе метода foc-s. Паёми ДПДТТХ ба номаи академик М.С.Осими', 9, 2, '2020-02-01', 1, 1, 26, '2024-05-22 21:16:31', '2024-05-22 21:16:31', 'Мавод.pdf', 2, 20, NULL, NULL, NULL, NULL, NULL, 'https://polytech.tj/ru/', 14, 0),
(42, 'Телевизион хамчун соҳаи истеҳсолоти ғайримоддӣ ва накши он дар баланд бардоштани ҳосилнокии мехнати ҷамъиятӣ. Паёми ДПДТТХ ба номаи академик М.С.Осими', 9, 1, '2019-01-01', 1, 1, 26, '2024-05-22 21:19:04', '2024-05-22 21:19:04', 'Мавод.pdf', 2, 20, NULL, NULL, NULL, NULL, NULL, 'https://polytech.tj/ru/', 13, 0),
(43, 'Инвестиционно-инновационного механизма управления устойчивым развитием экономики региона. Конференсияи илмӣ-амалии омӯзгорон, уҳаққиқони ҷавон, докторантон phd, магистрантон ва донишчуён. Хуҷанд-2020', 9, 2, '2020-01-02', 1, 1, 26, '2024-05-22 21:27:28', '2024-05-22 21:27:28', 'Мавод.pdf', 2, 20, NULL, NULL, NULL, 'Конференсияи илмӣ-амалии омӯзгорон, уҳаққиқони ҷавон, докторантон phd, магистрантон ва донишчуён', NULL, 'https://polytech.tj/ru/', 14, 0),
(44, 'Формирование интегрального показателя оценки устойчивого развития региона. Паёми ДПДТТХ ба номаи академик М.С.Осими', 9, 2, '2020-01-01', 1, 1, 26, '2024-05-22 21:29:34', '2024-05-22 21:29:34', 'Мавод.pdf', 2, 20, NULL, NULL, NULL, NULL, NULL, 'https://polytech.tj/ru/', 10, 0),
(45, 'Формирование цепочки добавленной стоимости на предприятиях свободной экономической зоны <<Сугд>>. Паёми ДПДТТХ ба номаи академик М.С.Осими', 9, 2, '2020-02-01', 1, 1, 26, '2024-05-22 21:32:11', '2024-05-22 21:32:11', 'Мавод.pdf', 2, 20, NULL, NULL, NULL, NULL, NULL, 'https://polytech.tj/ru/', 14, 0),
(46, 'Ҷабҳаҳои методии баҳодиҳии нақши муассисаҳои таҳсилоти олии касбии ҷумҳурии Тоҷикистон дар иқтисодиёти минтака. Паёми ДПДТТХ ба номаи академик М.С.Осими', 9, 1, '2020-02-01', 1, 1, 26, '2024-05-22 21:34:14', '2024-05-22 21:34:14', 'Мавод.pdf', 2, 20, NULL, NULL, NULL, NULL, NULL, 'https://polytech.tj/ru/', 14, 0),
(47, 'Теория и практика современной науки. Этапы формирования стратегии развития предприятия. Электронное научно-практическое периодическое международное издание. выпуск No 3 (57) ', 9, 2, '2020-01-01', 1, 1, 26, '2024-05-22 21:36:08', '2024-05-22 21:36:08', 'Мавод.pdf', 2, 20, NULL, NULL, NULL, NULL, NULL, 'https://polytech.tj/ru/', 10, 0),
(48, 'Теоритические подходы формирования модели системы менеджмента качества оброзовательных услуг высшего учебного заведения. Маводи конференсияи илмию амалии минтақавӣ. Исфара-2019 ', 9, 2, '2019-01-01', 1, 1, 26, '2024-05-22 21:38:58', '2024-05-22 21:38:58', 'Мавод.pdf', 2, 20, NULL, NULL, NULL, 'Конференсияи илмию амалии минтақавӣ', NULL, 'https://polytech.tj/ru/', 14, 0),
(49, 'Методические и практические аспекты оценки компонент внутренней экономической устойчивости промышленных предприятий согдийской области Республики Таджикистана. Паёми ДПДТТ ба номи академик М.С. Осимӣ No4 2019', 9, 2, '2019-01-01', 5, 1, 26, '2024-05-23 00:32:44', '2024-05-22 22:05:39', 'Мавод.pdf', 2, 20, NULL, NULL, NULL, NULL, NULL, 'https://polytech.tj/ru/', 14, 0),
(50, 'Татбики хисобкуниҳои оператсионӣ. Хуҷанд-2020', 9, 1, '2020-01-01', 1, 1, 26, '2024-05-22 22:06:55', '2024-05-22 22:06:55', 'Мавод.pdf', 2, 20, NULL, NULL, NULL, NULL, NULL, 'https://polytech.tj/ru/', 10, 0),
(51, 'Информационная технология в образовании. Сиситемаҳои иттилооти муаммо ва дурнамои он. Хуҷанд-2020', 9, 2, '2020-01-01', 1, 1, 26, '2024-05-22 22:08:04', '2024-05-22 22:08:04', 'Мавод.pdf', 2, 20, NULL, NULL, NULL, NULL, NULL, 'https://polytech.tj/ru/', 10, 0),
(52, 'Истифодаи технологияҳои иттилоотӣ ва коммуникатсионӣ дар низоми такмили ихтисос. Хуҷанд -No 3 (12), 2019', 9, 1, '2019-01-01', 1, 1, 26, '2024-05-22 22:09:15', '2024-05-22 22:09:15', 'Мавод.pdf', 2, 20, NULL, NULL, NULL, NULL, NULL, 'https://polytech.tj/ru/', 10, 0),
(53, 'Хусусиятҳои хоси омӯзиши элементҳои комбинаторикӣ дар муассисаҳои таҳсилоти умумӣ. Хуҷанд- 2020', 9, 1, '2020-02-01', 1, 1, 26, '2024-05-22 22:10:54', '2024-05-22 22:10:54', 'Мавод.pdf', 2, 20, NULL, NULL, NULL, NULL, NULL, 'https://polytech.tj/ru/', 14, 0),
(54, 'Реализация компетентностного подхода в системе высшего образования и на уроках математики. Хуҷанд - 2019', 9, 2, '2019-01-01', 1, 1, 26, '2024-05-22 22:11:53', '2024-05-22 22:11:53', 'Мавод.pdf', 2, 20, NULL, NULL, NULL, NULL, NULL, 'https://polytech.tj/ru/', 10, 0),
(55, 'Реализация компетентностного подхода в системе высшего образования и на занятиях высшей математики. Вестник ТНУ, Душанбе-2020', 9, 2, '2020-01-02', 1, 1, 26, '2024-05-22 22:12:54', '2024-05-22 22:12:54', 'Мавод.pdf', 2, 20, NULL, NULL, NULL, NULL, NULL, 'https://polytech.tj/ru/', 10, 0),
(56, 'Применение информационные технологии во всех разных сферах. Маҷмӯаи мақолаҳои конференсияи илмию амалии ҷумҳуриявӣ. Исфара-2020', 9, 2, '2020-02-01', 2, 1, 26, '2024-05-22 22:14:22', '2024-05-22 22:14:22', 'Мавод.pdf', 2, 20, NULL, NULL, NULL, 'Қонференсияи илмию амалии ҷумҳуриявӣ', NULL, 'https://polytech.tj/ru/', 10, 0),
(57, 'Методикаи тақсимоти корҳои мустакилона аз фанни математикаи олӣ. Современная наука: актуальные вопросы. Республика Башкортостан-2020', 9, 1, '2020-01-01', 2, 1, 26, '2024-05-22 22:15:36', '2024-05-22 22:15:36', 'Мавод.pdf', 2, 20, NULL, NULL, NULL, NULL, NULL, 'https://polytech.tj/ru/', 10, 0),
(58, 'Роль самостоятельной работы по математике в вузах. Конференсияи илмӣ-амалии омӯзгорон, мухаккикони ҷавон, докторантон phd, магистрантон ва донишчуён. Хучанд-2020', 9, 2, '2020-01-01', 1, 1, 26, '2024-05-22 22:17:49', '2024-05-22 22:17:49', 'Мавод.pdf', 2, 20, NULL, NULL, NULL, 'Конференсияи илмӣ-амалии омӯзгорон, мухаккикони ҷавон, докторантон phd, магистрантон ва донишчуён', NULL, 'https://polytech.tj/ru/', 10, 0),
(59, 'Чанд мулоиза доир ба барномаҳои муосири компютери ва истифодаи онхо. Масъалаҳои методи таълим. Хучанд-2020', 9, 1, '2020-02-01', 1, 1, 26, '2024-05-22 22:18:59', '2024-05-22 22:18:59', 'Мавод.pdf', 2, 20, NULL, NULL, NULL, NULL, NULL, 'https://polytech.tj/ru/', 10, 0),
(60, 'Тадкики функсия ва амалӣ кардани он дар мухити Maple. Конференсияи илмӣ-амалии омӯзгорон, мухаккикони ҷавон, докторантон phd, магистрантон ва донишчуён. Хучанд-2020', 9, 1, '2020-01-01', 1, 1, 26, '2024-05-22 22:20:15', '2024-05-22 22:20:15', 'Мавод.pdf', 2, 20, NULL, NULL, NULL, 'Конференсияи илмӣ-амалии омӯзгорон, мухаккикони ҷавон, докторантон phd, магистрантон ва донишчуён', NULL, 'https://polytech.tj/ru/', 10, 0),
(61, 'Коркарди web-портали масъалаҳои математик. Конференсияи илмӣ-амалии омӯзгорон, муҳаққиқони ҷавон, докторантон phd, магистрантон ва донишҷӯён. Хуҷанд-2020', 9, 1, '2020-02-01', 1, 1, 26, '2024-05-22 22:22:29', '2024-05-22 22:22:29', 'Мавод.pdf', 2, 20, NULL, NULL, NULL, 'Конференсияи илмӣ-амалии омӯзгорон, муҳаққиқони ҷавон, докторантон phd, магистрантон ва донишҷӯён', NULL, 'https://polytech.tj/ru/', 10, 0),
(62, 'Роххои бехтар намудани таълими математика. Конференсияи илмӣ-амалии омӯзгорон, мухаккикони ҷавон, докторантон phd, магистрантон ва донишҷӯён. Хуҷанд-2020', 9, 1, '2020-01-01', 1, 1, 26, '2024-05-22 22:23:51', '2024-05-22 22:23:51', 'Мавод.pdf', 2, 20, NULL, NULL, NULL, 'Конференсияи илмӣ-амалии омӯзгорон, мухаккикони ҷавон, докторантон phd, магистрантон ва донишҷӯён', NULL, 'https://polytech.tj/ru/', 10, 0),
(63, 'Использование информационных технологий в процессе обучения. Конференсияи илмӣ-амалии омӯзгорон, муҳаққиқони ҷавон, докторантон phd, магистрантон ва донишчуён. Хучанд-2020 ', 9, 2, '2020-02-01', 1, 1, 26, '2024-05-22 22:25:33', '2024-05-22 22:25:33', 'Мавод.pdf', 2, 20, NULL, NULL, NULL, 'Конференсияи илмӣ-амалии омӯзгорон, муҳаққиқони ҷавон, докторантон phd, магистрантон ва донишчуён', NULL, 'https://polytech.tj/ru/', 10, 0),
(64, 'Проблемы формирования проектной культуры будущих учителей технологии. Паёми Донишгохи миллии Тоыикистон. Душанбе-2020', 9, 2, '2020-01-01', 2, 1, 26, '2024-05-22 22:26:35', '2024-05-22 22:26:35', 'Мавод.pdf', 2, 20, NULL, NULL, NULL, NULL, NULL, 'https://polytech.tj/ru/', 14, 0),
(65, 'Инкишофи сифати нутки хаттӣ дар омӯзиши забони хориҷӣ (англисӣ). Барномаи конференсияи илмӣ- амалии омӯзгорон, муҳаққиқони ҷавон, докторантон, магистрантон ва донишчуён, 2020', 9, 1, '2020-01-01', 1, 1, 26, '2024-05-22 22:28:56', '2024-05-22 22:28:56', 'Мавод.pdf', 2, 20, NULL, NULL, NULL, 'конференсияи илмӣ- амалии омӯзгорон, муҳаққиқони ҷавон, докторантон, магистрантон ва донишчуён', NULL, 'https://polytech.tj/ru/', 14, 0),
(66, 'Ҳолати муосир ва муаммоҳои рушди устувори иқтисодиёти милии ҶТ', 9, 1, '2016-01-01', 1, 1, 26, '2024-05-25 20:00:07', '2024-05-25 20:00:07', 'Мавод.pdf', 1, 20, NULL, NULL, NULL, NULL, NULL, 'https://polytech.tj/ru/', 14, 0),
(67, 'Ҳолати муосир ва муаммоҳои рушди устувори иқтисодиёти дохилии ҶТ', 9, 1, '2016-01-02', 1, 1, 26, '2024-05-25 20:01:32', '2024-05-25 20:01:32', 'Мавод.pdf', 1, 20, NULL, NULL, NULL, NULL, NULL, 'https://polytech.tj/ru/', 14, 0),
(68, 'Ҳолати муосир ва муаммоҳои рушди берунбарзии ҶТ', 9, 1, '2016-01-01', 1, 1, 26, '2024-05-25 20:02:56', '2024-05-25 20:02:56', 'Мавод.pdf', 1, 20, NULL, NULL, NULL, NULL, NULL, 'https://polytech.tj/ru/', 14, 0),
(69, 'Таҳияи фишингҳои таъминоти баробарвазнии макроиқтисодиӣ дар иқтисодиёти хурди кушоди ҶТ', 9, 1, '2016-01-01', 1, 1, 26, '2024-05-25 20:04:00', '2024-05-25 20:04:00', 'Мавод.pdf', 1, 20, NULL, NULL, NULL, NULL, NULL, 'https://polytech.tj/ru/', 14, 0),
(70, 'Ҳолати муосир ва муаммоҳои таъсисёбӣ ва ташаккулёбии сармояи инсонӣ барои таъминоти рушди устувории иқтисоди миллӣ', 9, 1, '2016-01-01', 1, 1, 26, '2024-05-25 20:06:36', '2024-05-25 20:06:36', 'Мавод.pdf', 1, 20, NULL, NULL, NULL, NULL, NULL, 'https://polytech.tj/ru/', 14, 0),
(71, 'Индикаторҳои рушди устувории иқтисодиёти маҳаллӣ', 9, 1, '2016-01-01', 1, 1, 26, '2024-05-25 20:08:21', '2024-05-25 20:08:21', 'Мавод.pdf', 1, 20, NULL, NULL, NULL, NULL, NULL, 'https://polytech.tj/ru/', 14, 0),
(72, 'Хусусияти тасдиқи стандартҳои байналхалқии ҳисоботи молиявӣ дар бонкҳои тиҷоратии ҶТ', 9, 1, '2016-01-01', 1, 1, 26, '2024-05-25 20:09:55', '2024-05-25 20:09:55', 'Мавод.pdf', 1, 20, NULL, NULL, NULL, NULL, NULL, 'https://polytech.tj/ru/', 14, 0),
(73, 'Коркарди стратегияи молиявӣ дар мисоли бонкҳои тиҷоратии ҶТ', 9, 1, '2016-01-01', 1, 1, 26, '2024-05-25 20:11:40', '2024-05-25 20:11:40', 'Мавод.pdf', 1, 20, NULL, NULL, NULL, NULL, NULL, 'https://polytech.tj/ru/', 14, 0),
(74, 'Кафолати давлатии заёмҳои бонкӣ', 9, 1, '2016-01-10', 1, 1, 26, '2024-05-25 20:13:37', '2024-05-25 20:13:37', 'Мавод.pdf', 1, 20, NULL, NULL, NULL, NULL, NULL, 'https://polytech.tj/ru/', 14, 0),
(75, 'Рушди низоми андозбандии субъектони бизнеси хурд ва миёна', 9, 1, '2016-01-01', 1, 1, 26, '2024-05-25 20:14:50', '2024-05-25 20:14:50', 'Мавод.pdf', 1, 20, NULL, NULL, NULL, NULL, NULL, 'https://polytech.tj/ru/', 14, 0),
(76, 'Развитие системы финансирования сельских регионов РТ, как фактор устойчивого развития сельских территорий', 9, 2, '2016-01-01', 1, 1, 26, '2024-05-25 20:16:41', '2024-05-25 20:16:41', 'Мавод.pdf', 1, 20, NULL, NULL, NULL, NULL, NULL, 'https://polytech.tj/ru/', 13, 0),
(77, '\"Саволҳои назариявию методологии коркарди механизмҳои таъмини рушди инноватсионии минтақа\"', 9, 1, '2016-01-01', 1, 1, 26, '2024-05-25 20:18:06', '2024-05-25 20:18:06', 'Мавод.pdf', 1, 20, NULL, NULL, NULL, NULL, NULL, 'https://polytech.tj/ru/', 14, 0),
(78, '\"Хусусиятҳои таъмин намудани рушди индустриалии минтақа\", Давраи 1. Ҳолати муосири рушди индустриалии минтақа', 9, 1, '2016-01-01', 1, 1, 26, '2024-05-25 20:19:45', '2024-05-25 20:19:45', 'Мавод.pdf', 1, 20, NULL, NULL, NULL, NULL, NULL, 'https://polytech.tj/ru/', 14, 0),
(79, 'Коркарди сиёсати зиддитаваррумӣ дар шароити ҷаҳонишавӣ.', 9, 1, '2016-01-01', 1, 1, 26, '2024-05-25 20:21:55', '2024-05-25 20:21:55', 'Мавод.pdf', 1, 20, NULL, NULL, NULL, NULL, NULL, 'https://polytech.tj/ru/', 14, 0),
(80, 'Механизми ташкилию иқтисодии идоракунии рушди устувори минтақа (дар мисоли вилояти Суғд)', 9, 1, '2016-01-01', 1, 1, 26, '2024-05-25 20:35:22', '2024-05-25 20:35:22', 'Мавод.pdf', 1, 20, NULL, NULL, NULL, NULL, NULL, 'https://polytech.tj/ru/', 14, 0),
(81, '\"Функционально-семантическое поле модальности и средства ее выражения в английском и таджикском языках\".', 9, 2, '2016-01-01', 1, 1, 26, '2024-05-25 20:36:52', '2024-05-25 20:36:52', 'Мавод.pdf', 1, 20, NULL, NULL, NULL, NULL, NULL, 'https://polytech.tj/ru/', 14, 0),
(82, '\"Фразеологическая работа на уроках русского языка в национальной школе с углубленным изучением предмета\"', 9, 2, '2016-01-01', 1, 1, 26, '2024-05-25 20:38:09', '2024-05-25 20:38:09', 'Мавод.pdf', 1, 20, NULL, NULL, NULL, NULL, NULL, 'https://polytech.tj/ru/', 14, 0),
(83, '\"Семантико-грамматическая характеристика наречям в таджикском и английском языках\"', 9, 2, '2016-01-01', 1, 1, 26, '2024-05-25 20:39:23', '2024-05-25 20:39:23', 'Мавод.pdf', 1, 20, NULL, NULL, NULL, NULL, NULL, 'https://polytech.tj/ru/', 14, 0),
(84, '\"Табу и эвфемизм в таджикском языке\"', 9, 2, '2016-01-01', 1, 1, 26, '2024-05-25 20:41:11', '2024-05-25 20:41:11', 'Мавод.pdf', 1, 20, NULL, NULL, NULL, NULL, NULL, 'https://polytech.tj/ru/', 14, 0),
(85, '\"Чамхарату-л-амсол Абухилол Ал-Аскари и литературно-художественные характеристики\".', 9, 2, '2016-01-07', 1, 1, 26, '2024-05-25 20:42:25', '2024-05-25 20:42:25', 'Мавод.pdf', 1, 20, NULL, NULL, NULL, NULL, NULL, 'https://polytech.tj/ru/', 14, 0),
(86, 'Масъалаҳои робитаҳои адабӣ ва тарҷумаи бадеӣ', 9, 1, '2016-01-01', 1, 1, 26, '2024-05-25 20:43:38', '2024-05-25 20:43:38', 'Мавод.pdf', 1, 20, NULL, NULL, NULL, NULL, NULL, 'https://polytech.tj/ru/', 14, 0),
(87, 'Муаммоҳои бозсозии мактаби миёнаю олӣ дар асоси фармону қарорҳои Ҳукумати ҶТ ва роҳҳои татбиқи он', 9, 1, '2016-01-01', 1, 1, 26, '2024-05-25 20:44:28', '2024-05-25 20:44:28', 'Мавод.pdf', 1, 20, NULL, NULL, NULL, NULL, NULL, 'https://polytech.tj/ru/', 14, 0),
(88, 'Этнолингвистикаи ҳавзаи Истаравшан', 9, 1, '2016-01-01', 1, 1, 26, '2024-05-25 20:46:53', '2024-05-25 20:46:53', 'Мавод.pdf', 1, 20, NULL, NULL, NULL, NULL, NULL, 'https://polytech.tj/ru/', 14, 0),
(89, 'Интернациональные связи Таджикистана в 30-е годы ХХ века', 9, 2, '2016-01-01', 1, 1, 26, '2024-05-25 20:47:44', '2024-05-25 20:47:44', 'Мавод.pdf', 1, 20, NULL, NULL, NULL, NULL, NULL, 'https://polytech.tj/ru/', 14, 0),
(90, 'Равоншиносӣ дар шеъри муосири тоҷик', 9, 1, '2016-01-01', 1, 1, 26, '2024-05-25 20:48:23', '2024-05-25 20:48:23', 'Мавод.pdf', 1, 20, NULL, NULL, NULL, NULL, NULL, 'https://polytech.tj/ru/', 14, 0),
(91, 'Хусусиятҳои корбурди шумора дар \"Шоҳнома\"-и Абулқосими Фирдавсӣ', 9, 1, '2016-01-01', 1, 1, 26, '2024-05-25 20:49:11', '2024-05-25 20:49:11', 'Мавод.pdf', 1, 20, NULL, NULL, NULL, NULL, NULL, 'https://polytech.tj/ru/', 14, 0),
(92, 'Исламская политика Российской империи в Средней Азии', 9, 2, '2016-01-01', 1, 1, 26, '2024-05-25 20:49:57', '2024-05-25 20:49:57', 'Мавод.pdf', 1, 20, NULL, NULL, NULL, NULL, NULL, 'https://polytech.tj/ru/', 14, 0),
(93, 'Аҳамияи илмиву адабии \"Матлаъ-ул-улум фӣ маҷмаъ-ул-фунун\"-и Воҷидалии Муҷамалӣ', 9, 1, '2016-01-01', 1, 1, 26, '2024-05-25 20:50:37', '2024-05-25 20:50:37', 'Мавод.pdf', 1, 20, NULL, NULL, NULL, NULL, NULL, 'https://polytech.tj/ru/', 14, 0);

-- --------------------------------------------------------

--
-- Структура таблицы `material_author`
--
-- Создание: Июн 06 2024 г., 05:58
-- Последнее обновление: Июн 06 2024 г., 05:58
--

DROP TABLE IF EXISTS `material_author`;
CREATE TABLE `material_author` (
  `id` int(11) NOT NULL,
  `material_id` int(11) NOT NULL,
  `author_id` int(11) NOT NULL
) ENGINE=InnoDB DEFAULT CHARSET=utf8;

--
-- Дамп данных таблицы `material_author`
--

INSERT INTO `material_author` (`id`, `material_id`, `author_id`) VALUES
(1, 1, 94),
(11, 2, 1),
(12, 2, 4),
(13, 2, 29),
(14, 3, 2),
(15, 4, 1),
(16, 5, 1),
(17, 5, 4),
(18, 6, 1),
(19, 7, 20),
(20, 7, 103),
(21, 8, 104),
(22, 8, 105),
(23, 9, 78),
(24, 9, 106),
(25, 9, 107),
(26, 9, 108),
(27, 10, 78),
(28, 10, 106),
(29, 11, 74),
(30, 12, 91),
(31, 13, 109),
(32, 14, 75),
(33, 15, 69),
(34, 16, 31),
(35, 17, 110),
(36, 18, 32),
(37, 19, 110),
(38, 20, 111),
(39, 21, 112),
(40, 22, 113),
(41, 23, 113),
(42, 24, 114),
(43, 25, 60),
(44, 26, 115),
(45, 27, 116),
(46, 28, 105),
(47, 29, 105),
(48, 30, 10),
(49, 30, 117),
(50, 30, 118),
(51, 31, 10),
(52, 31, 117),
(53, 31, 118),
(54, 32, 45),
(55, 33, 1),
(56, 33, 117),
(57, 33, 118),
(58, 34, 119),
(59, 35, 120),
(60, 36, 121),
(61, 37, 122),
(62, 38, 122),
(63, 39, 123),
(64, 40, 124),
(65, 41, 125),
(66, 42, 126),
(67, 43, 127),
(68, 44, 128),
(69, 45, 26),
(70, 46, 129),
(71, 47, 130),
(72, 48, 131),
(74, 50, 133),
(75, 51, 97),
(76, 52, 116),
(77, 53, 134),
(78, 54, 98),
(79, 55, 98),
(80, 56, 38),
(81, 57, 94),
(82, 58, 135),
(83, 59, 100),
(84, 60, 100),
(85, 61, 136),
(86, 62, 136),
(87, 63, 137),
(88, 64, 137),
(89, 65, 138),
(90, 49, 132),
(91, 66, 139),
(92, 67, 26),
(93, 68, 123),
(94, 69, 21),
(95, 70, 20),
(96, 71, 140),
(97, 72, 141),
(98, 73, 142),
(99, 74, 143),
(100, 75, 144),
(101, 76, 145),
(102, 77, 146),
(103, 78, 147),
(104, 79, 148),
(105, 80, 128),
(106, 81, 120),
(107, 82, 119),
(108, 83, 149),
(109, 84, 150),
(110, 85, 113),
(111, 86, 114),
(112, 87, 42),
(113, 88, 151),
(114, 89, 50),
(115, 90, 40),
(116, 91, 43),
(117, 92, 47),
(118, 93, 45);

-- --------------------------------------------------------

--
-- Структура таблицы `material_direction`
--
-- Создание: Июн 06 2024 г., 05:58
-- Последнее обновление: Июн 06 2024 г., 05:58
--

DROP TABLE IF EXISTS `material_direction`;
CREATE TABLE `material_direction` (
  `id` int(11) NOT NULL,
  `name` text NOT NULL,
  `date_add` datetime NOT NULL DEFAULT CURRENT_TIMESTAMP,
  `date_edit` datetime DEFAULT NULL
) ENGINE=InnoDB DEFAULT CHARSET=utf8;

--
-- Дамп данных таблицы `material_direction`
--

INSERT INTO `material_direction` (`id`, `name`, `date_add`, `date_edit`) VALUES
(10, 'Физико-математические, химические, геологические и технические науки', '2024-05-09 19:21:35', NULL),
(11, 'Биологические науки', '2024-05-09 19:21:56', NULL),
(12, 'Медицинские науки\n', '2024-05-09 19:22:11', NULL),
(13, 'Сельскохозяйственные науки', '2024-05-09 19:23:02', NULL),
(14, 'Общественные и гуманитарные науки\n', '2024-05-09 19:23:12', NULL);

-- --------------------------------------------------------

--
-- Структура таблицы `material_direction_dictionary`
--
-- Создание: Июн 08 2024 г., 13:58
-- Последнее обновление: Июн 08 2024 г., 14:06
--

DROP TABLE IF EXISTS `material_direction_dictionary`;
CREATE TABLE `material_direction_dictionary` (
  `id` int(11) NOT NULL,
  `name` varchar(50) NOT NULL,
  `date_add` datetime NOT NULL DEFAULT CURRENT_TIMESTAMP,
  `date_edit` datetime NOT NULL
) ENGINE=InnoDB DEFAULT CHARSET=utf8;

--
-- Дамп данных таблицы `material_direction_dictionary`
--

INSERT INTO `material_direction_dictionary` (`id`, `name`, `date_add`, `date_edit`) VALUES
(1, 'SCOPUS', '2024-06-08 17:05:00', '0000-00-00 00:00:00'),
(2, 'KOA', '2024-06-08 17:06:49', '0000-00-00 00:00:00'),
(3, 'РИНС', '2024-06-08 17:06:49', '0000-00-00 00:00:00'),
(4, 'Байналмилалӣ', '2024-06-08 17:06:49', '0000-00-00 00:00:00'),
(5, 'Чумхуриявӣ', '2024-06-08 17:06:49', '0000-00-00 00:00:00');

-- --------------------------------------------------------

--
-- Структура таблицы `material_status`
--
-- Создание: Июн 06 2024 г., 05:58
-- Последнее обновление: Июн 06 2024 г., 05:58
--

DROP TABLE IF EXISTS `material_status`;
CREATE TABLE `material_status` (
  `id` int(11) NOT NULL,
  `desciption` varchar(50) NOT NULL
) ENGINE=InnoDB DEFAULT CHARSET=utf8;

--
-- Дамп данных таблицы `material_status`
--

INSERT INTO `material_status` (`id`, `desciption`) VALUES
(1, 'материал добавлен'),
(2, 'материал подтвержден Зав. кафедрой'),
(3, 'материал подтвержден Отделом науки'),
(4, 'материал откланен Зав. кафедрой'),
(5, 'материал откланен Отделом науки');

-- --------------------------------------------------------

--
-- Структура таблицы `place`
--
-- Создание: Июн 06 2024 г., 05:58
-- Последнее обновление: Июн 06 2024 г., 05:58
--

DROP TABLE IF EXISTS `place`;
CREATE TABLE `place` (
  `id` int(11) NOT NULL,
  `name` varchar(64) NOT NULL,
  `date_edit` datetime NOT NULL DEFAULT CURRENT_TIMESTAMP,
  `date_add` datetime NOT NULL DEFAULT CURRENT_TIMESTAMP
) ENGINE=InnoDB DEFAULT CHARSET=utf8;

--
-- Дамп данных таблицы `place`
--

INSERT INTO `place` (`id`, `name`, `date_edit`, `date_add`) VALUES
(1, 'ш. Хуҷанд', '2020-04-17 23:18:31', '2020-04-17 23:18:31'),
(2, 'ш. Душанбе', '2020-04-17 23:18:45', '2020-04-17 23:18:45'),
(5, 'Исфара', '2024-05-22 22:31:08', '2024-05-22 22:31:08');

-- --------------------------------------------------------

--
-- Структура таблицы `role`
--
-- Создание: Июн 06 2024 г., 05:58
-- Последнее обновление: Июн 06 2024 г., 05:58
--

DROP TABLE IF EXISTS `role`;
CREATE TABLE `role` (
  `id` int(11) NOT NULL,
  `name` varchar(16) NOT NULL,
  `date_add` datetime NOT NULL DEFAULT CURRENT_TIMESTAMP,
  `comment` varchar(255) DEFAULT NULL
) ENGINE=InnoDB DEFAULT CHARSET=utf8;

--
-- Дамп данных таблицы `role`
--

INSERT INTO `role` (`id`, `name`, `date_add`, `comment`) VALUES
(1, 'Преподаватель', '2024-05-11 10:10:30', NULL),
(2, 'Зав. кафедры', '2024-05-11 10:11:38', NULL),
(3, 'admin', '2024-02-03 15:29:02', 'all permission'),
(4, 'Отдел науки', '2024-05-11 10:11:57', NULL);

-- --------------------------------------------------------

--
-- Структура таблицы `type`
--
-- Создание: Июн 06 2024 г., 05:58
-- Последнее обновление: Июн 06 2024 г., 05:58
--

DROP TABLE IF EXISTS `type`;
CREATE TABLE `type` (
  `id` int(11) NOT NULL,
  `name` varchar(255) NOT NULL,
  `date_edit` datetime NOT NULL DEFAULT CURRENT_TIMESTAMP,
  `date_add` datetime NOT NULL DEFAULT CURRENT_TIMESTAMP
) ENGINE=InnoDB DEFAULT CHARSET=utf8;

--
-- Дамп данных таблицы `type`
--

INSERT INTO `type` (`id`, `name`, `date_edit`, `date_add`) VALUES
(9, 'Макола', '2024-05-11 08:25:12', '2024-05-11 10:25:12'),
(10, 'Диссертация', '2024-05-11 08:45:51', '2024-05-11 10:45:51'),
(11, 'Доклад\n', '2024-05-11 08:46:00', '2024-05-11 10:46:00'),
(12, 'Монография', '2024-05-11 08:46:09', '2024-05-11 10:46:09'),
(13, 'Научная статья', '2024-05-11 08:46:25', '2024-05-11 10:46:25'),
(14, 'Реферат', '2024-05-11 08:46:33', '2024-05-11 10:46:33'),
(15, 'Шаҳодатнома', '2024-05-11 08:52:52', '2024-05-11 10:52:52'),
(16, 'Патент', '2024-05-11 08:53:34', '2024-05-11 10:53:34');

-- --------------------------------------------------------

--
-- Структура таблицы `user`
--
-- Создание: Июн 06 2024 г., 05:58
-- Последнее обновление: Июн 10 2024 г., 04:29
--

DROP TABLE IF EXISTS `user`;
CREATE TABLE `user` (
  `id` int(11) NOT NULL,
  `name` varchar(1000) DEFAULT NULL,
  `login` varchar(16) NOT NULL,
  `password` varchar(128) NOT NULL,
  `access` tinyint(1) NOT NULL DEFAULT '1',
  `role_id` int(11) NOT NULL,
  `date_edit` datetime NOT NULL DEFAULT CURRENT_TIMESTAMP,
  `date_add` datetime NOT NULL DEFAULT CURRENT_TIMESTAMP,
  `image_url` tinytext NOT NULL,
  `kafedra_id` int(11) DEFAULT '0',
  `author_id` int(11) NOT NULL
) ENGINE=InnoDB DEFAULT CHARSET=utf8;

--
-- Дамп данных таблицы `user`
--

INSERT INTO `user` (`id`, `name`, `login`, `password`, `access`, `role_id`, `date_edit`, `date_add`, `image_url`, `kafedra_id`, `author_id`) VALUES
(3, 'Akbarov Jahongir Murotovich', 'admin', 'a4bf08e913584ca8e48324592fbfeae1c79f58fd63e4ee30afc20431d7c75b27', 1, 3, '2020-04-16 02:19:27', '2020-04-16 02:19:27', 'photo_2024-01-20_14-54-23.jpg', 0, 0),
(23, 'Ашурова Ш. Н', '12345', 'fbb69ec840903ebcdc8f4b3023fd63ec17aba13bd0ca4950ac3ab7861be09a19', 1, 1, '2024-05-15 18:03:29', '2024-05-07 09:34:59', 'nature-3151869_1280.jpg', 2, 13),
(25, 'Худойбердиев Хуршедчон Атахонович', '888081004', '9a2ffc1de8f988f9db4dc3fe32970b5a76981c95df06c1cdef59ab69d96c119e', 1, 2, '2024-05-27 18:26:43', '2024-05-15 18:17:50', 'image_2024-05-26_17-27-27.png', 2, 1),
(26, 'Для Доступ Добавления', 'Test', 'b9b33bc553a2d81710ebc3d172a58cb607a1cba883a33ad6b8275c87614ed492', 1, 1, '2024-05-18 15:09:01', '2024-05-18 17:09:01', 'image_2024-05-15_18-01-42.png', 20, 102),
(27, 'Razokov Abduhamid Abdusaidovich', 'Razokov', '34450c417f5e34a12dc32b8382c81feb6753685522780565f266abed32ddb353', 1, 3, '2024-05-23 08:22:07', '2024-05-23 08:21:34', '1A6A8114.png', 2, 0),
(30, 'Турсунова М. И.', 'admin', 'd6f0395f3b2951a6450e4be3aaa4feab195b3a7faaa8f6c3fced0f57605031c2', 1, 3, '2024-05-31 11:39:24', '2024-05-31 13:39:24', '', NULL, 102),
(31, 'Турсунова  Матлюбахон Ибрагимовна', '12345', '34450c417f5e34a12dc32b8382c81feb6753685522780565f266abed32ddb353', 1, 4, '2024-06-10 07:29:06', '2024-06-10 09:29:06', 'image_2024-06-06_13-44-01.png', NULL, 102);

--
-- Индексы сохранённых таблиц
--

--
-- Индексы таблицы `author`
--
ALTER TABLE `author`
  ADD PRIMARY KEY (`id`),
  ADD KEY `user_id` (`user_id`);

--
-- Индексы таблицы `faculty`
--
ALTER TABLE `faculty`
  ADD PRIMARY KEY (`id`);

--
-- Индексы таблицы `kafedra`
--
ALTER TABLE `kafedra`
  ADD PRIMARY KEY (`id`),
  ADD KEY `facultet_id` (`faculty_id`);

--
-- Индексы таблицы `language`
--
ALTER TABLE `language`
  ADD PRIMARY KEY (`id`);

--
-- Индексы таблицы `material`
--
ALTER TABLE `material`
  ADD PRIMARY KEY (`id`),
  ADD KEY `pub_place_id` (`pub_place_id`),
  ADD KEY `language_id` (`language_id`),
  ADD KEY `type_id` (`type_id`),
  ADD KEY `user_id` (`user_id`),
  ADD KEY `kafedra_id` (`kafedra_id`),
  ADD KEY `materila_direction_id` (`material_direction_id`),
  ADD KEY `material_status` (`status`) USING BTREE;

--
-- Индексы таблицы `material_author`
--
ALTER TABLE `material_author`
  ADD PRIMARY KEY (`id`),
  ADD KEY `author_id` (`author_id`),
  ADD KEY `material_id` (`material_id`);

--
-- Индексы таблицы `material_direction`
--
ALTER TABLE `material_direction`
  ADD PRIMARY KEY (`id`);

--
-- Индексы таблицы `material_direction_dictionary`
--
ALTER TABLE `material_direction_dictionary`
  ADD PRIMARY KEY (`id`);

--
-- Индексы таблицы `material_status`
--
ALTER TABLE `material_status`
  ADD PRIMARY KEY (`id`);

--
-- Индексы таблицы `place`
--
ALTER TABLE `place`
  ADD PRIMARY KEY (`id`);

--
-- Индексы таблицы `role`
--
ALTER TABLE `role`
  ADD PRIMARY KEY (`id`);

--
-- Индексы таблицы `type`
--
ALTER TABLE `type`
  ADD PRIMARY KEY (`id`);

--
-- Индексы таблицы `user`
--
ALTER TABLE `user`
  ADD PRIMARY KEY (`id`),
  ADD KEY `role_id` (`role_id`),
  ADD KEY `kafedra_id` (`kafedra_id`),
  ADD KEY `author_id` (`author_id`);

--
-- AUTO_INCREMENT для сохранённых таблиц
--

--
-- AUTO_INCREMENT для таблицы `author`
--
ALTER TABLE `author`
  MODIFY `id` int(11) NOT NULL AUTO_INCREMENT, AUTO_INCREMENT=152;

--
-- AUTO_INCREMENT для таблицы `faculty`
--
ALTER TABLE `faculty`
  MODIFY `id` int(11) NOT NULL AUTO_INCREMENT, AUTO_INCREMENT=8;

--
-- AUTO_INCREMENT для таблицы `kafedra`
--
ALTER TABLE `kafedra`
  MODIFY `id` int(11) NOT NULL AUTO_INCREMENT, AUTO_INCREMENT=21;

--
-- AUTO_INCREMENT для таблицы `language`
--
ALTER TABLE `language`
  MODIFY `id` int(4) NOT NULL AUTO_INCREMENT, AUTO_INCREMENT=4;

--
-- AUTO_INCREMENT для таблицы `material`
--
ALTER TABLE `material`
  MODIFY `id` int(11) NOT NULL AUTO_INCREMENT, AUTO_INCREMENT=94;

--
-- AUTO_INCREMENT для таблицы `material_author`
--
ALTER TABLE `material_author`
  MODIFY `id` int(11) NOT NULL AUTO_INCREMENT, AUTO_INCREMENT=119;

--
-- AUTO_INCREMENT для таблицы `material_direction`
--
ALTER TABLE `material_direction`
  MODIFY `id` int(11) NOT NULL AUTO_INCREMENT, AUTO_INCREMENT=15;

--
-- AUTO_INCREMENT для таблицы `material_direction_dictionary`
--
ALTER TABLE `material_direction_dictionary`
  MODIFY `id` int(11) NOT NULL AUTO_INCREMENT, AUTO_INCREMENT=6;

--
-- AUTO_INCREMENT для таблицы `material_status`
--
ALTER TABLE `material_status`
  MODIFY `id` int(11) NOT NULL AUTO_INCREMENT, AUTO_INCREMENT=6;

--
-- AUTO_INCREMENT для таблицы `place`
--
ALTER TABLE `place`
  MODIFY `id` int(11) NOT NULL AUTO_INCREMENT, AUTO_INCREMENT=6;

--
-- AUTO_INCREMENT для таблицы `role`
--
ALTER TABLE `role`
  MODIFY `id` int(11) NOT NULL AUTO_INCREMENT, AUTO_INCREMENT=5;

--
-- AUTO_INCREMENT для таблицы `type`
--
ALTER TABLE `type`
  MODIFY `id` int(11) NOT NULL AUTO_INCREMENT, AUTO_INCREMENT=17;

--
-- AUTO_INCREMENT для таблицы `user`
--
ALTER TABLE `user`
  MODIFY `id` int(11) NOT NULL AUTO_INCREMENT, AUTO_INCREMENT=32;

--
-- Ограничения внешнего ключа сохраненных таблиц
--

--
-- Ограничения внешнего ключа таблицы `kafedra`
--
ALTER TABLE `kafedra`
  ADD CONSTRAINT `kafedra_ibfk_1` FOREIGN KEY (`faculty_id`) REFERENCES `faculty` (`id`);
COMMIT;

/*!40101 SET CHARACTER_SET_CLIENT=@OLD_CHARACTER_SET_CLIENT */;
/*!40101 SET CHARACTER_SET_RESULTS=@OLD_CHARACTER_SET_RESULTS */;
/*!40101 SET COLLATION_CONNECTION=@OLD_COLLATION_CONNECTION */;
